Path_ID,Vehicle_ID,Time_Spent,Average_Speed
PATH_NAME,car0,30.2,"tensor(0.3974, dtype=torch.float64)"
PATH_NAME,car20,28.2,"tensor(0.3711, dtype=torch.float64)"
PATH_NAME,car0,2.8,"tensor(0.3300, dtype=torch.float64)"
PATH_NAME,car20,2.8,"tensor(0.3300, dtype=torch.float64)"
PATH_NAME,car40,30.9,"tensor(0.4066, dtype=torch.float64)"
PATH_NAME,car40,2.8,"tensor(0.3300, dtype=torch.float64)"
PATH_NAME,car140,25.4,"tensor(0.3342, dtype=torch.float64)"
PATH_NAME,car160,25.4,"tensor(0.3342, dtype=torch.float64)"
PATH_NAME,car220,25.4,"tensor(0.3342, dtype=torch.float64)"
PATH_NAME,car140,16.0,"tensor(0.3333, dtype=torch.float64)"
PATH_NAME,carA,56.3,"tensor(0.7408, dtype=torch.float64)"
PATH_NAME,carB,56.3,"tensor(0.7408, dtype=torch.float64)"
PATH_NAME,car160,16.0,"tensor(0.3333, dtype=torch.float64)"
PATH_NAME,car0,25.4,"tensor(0.3342, dtype=torch.float64)"
PATH_NAME,car20,25.5,"tensor(0.3355, dtype=torch.float64)"
PATH_NAME,car300,29.3,"tensor(0.3855, dtype=torch.float64)"
PATH_NAME,car40,25.7,"tensor(0.3382, dtype=torch.float64)"
PATH_NAME,car220,16.0,"tensor(0.3333, dtype=torch.float64)"
PATH_NAME,car400,25.4,"tensor(0.3342, dtype=torch.float64)"
PATH_NAME,car420,28.3,"tensor(0.3724, dtype=torch.float64)"
PATH_NAME,carA,14.2,"tensor(0.3347, dtype=torch.float64)"
PATH_NAME,carB,14.2,"tensor(0.3347, dtype=torch.float64)"
PATH_NAME,car300,16.0,"tensor(0.3771, dtype=torch.float64)"
PATH_NAME,car400,14.8,"tensor(0.3488, dtype=torch.float64)"
PATH_NAME,car140,25.3,"tensor(0.3329, dtype=torch.float64)"
PATH_NAME,car60,76.2,"tensor(1.0026, dtype=torch.float64)"
PATH_NAME,car180,64.2,"tensor(0.8447, dtype=torch.float64)"
PATH_NAME,car500,32.2,"tensor(0.4237, dtype=torch.float64)"
PATH_NAME,car120,70.3,"tensor(0.9250, dtype=torch.float64)"
PATH_NAME,car160,25.4,"tensor(0.3342, dtype=torch.float64)"
PATH_NAME,car180,2.9,"tensor(0.3418, dtype=torch.float64)"
PATH_NAME,car420,14.8,"tensor(0.3488, dtype=torch.float64)"
PATH_NAME,car200,65.3,"tensor(0.8592, dtype=torch.float64)"
PATH_NAME,car260,59.3,"tensor(0.7803, dtype=torch.float64)"
PATH_NAME,car600,26.8,"tensor(0.3526, dtype=torch.float64)"
PATH_NAME,car200,2.8,"tensor(0.3300, dtype=torch.float64)"
PATH_NAME,car260,2.8,"tensor(0.3300, dtype=torch.float64)"
PATH_NAME,car240,64.6,"tensor(0.8500, dtype=torch.float64)"
PATH_NAME,car440,44.6,"tensor(0.5868, dtype=torch.float64)"
PATH_NAME,car220,25.3,"tensor(0.3329, dtype=torch.float64)"
PATH_NAME,car480,44.0,"tensor(0.5789, dtype=torch.float64)"
PATH_NAME,car480,2.8,"tensor(0.3300, dtype=torch.float64)"
PATH_NAME,carA,25.3,"tensor(0.3329, dtype=torch.float64)"
PATH_NAME,carB,25.4,"tensor(0.3342, dtype=torch.float64)"
PATH_NAME,car680,28.9,"tensor(0.3803, dtype=torch.float64)"
PATH_NAME,car500,16.0,"tensor(0.3333, dtype=torch.float64)"
PATH_NAME,car60,16.1,"tensor(0.3354, dtype=torch.float64)"
PATH_NAME,car120,16.0,"tensor(0.3333, dtype=torch.float64)"
PATH_NAME,car740,25.4,"tensor(0.3342, dtype=torch.float64)"
PATH_NAME,car680,2.8,"tensor(0.3300, dtype=torch.float64)"
PATH_NAME,car300,25.4,"tensor(0.3342, dtype=torch.float64)"
PATH_NAME,car600,16.4,"tensor(0.3417, dtype=torch.float64)"
PATH_NAME,car440,16.0,"tensor(0.3333, dtype=torch.float64)"
PATH_NAME,car240,16.1,"tensor(0.3354, dtype=torch.float64)"
PATH_NAME,car400,25.4,"tensor(0.3342, dtype=torch.float64)"
PATH_NAME,car80,100.2,"tensor(1.3184, dtype=torch.float64)"
PATH_NAME,car280,80.2,"tensor(1.0553, dtype=torch.float64)"
PATH_NAME,car180,25.4,"tensor(0.3342, dtype=torch.float64)"
PATH_NAME,car420,25.5,"tensor(0.3355, dtype=torch.float64)"
PATH_NAME,car560,55.3,"tensor(0.7276, dtype=torch.float64)"
PATH_NAME,car200,25.4,"tensor(0.3342, dtype=torch.float64)"
PATH_NAME,car260,27.3,"tensor(0.3592, dtype=torch.float64)"
PATH_NAME,car740,16.0,"tensor(0.3333, dtype=torch.float64)"
PATH_NAME,car940,25.4,"tensor(0.3342, dtype=torch.float64)"
PATH_NAME,car480,25.3,"tensor(0.3329, dtype=torch.float64)"
PATH_NAME,car940,2.8,"tensor(0.3300, dtype=torch.float64)"
PATH_NAME,car80,14.2,"tensor(0.3347, dtype=torch.float64)"
PATH_NAME,car280,14.3,"tensor(0.3371, dtype=torch.float64)"
PATH_NAME,car120,25.3,"tensor(0.3329, dtype=torch.float64)"
PATH_NAME,car60,25.4,"tensor(0.3342, dtype=torch.float64)"
PATH_NAME,car500,25.5,"tensor(0.3355, dtype=torch.float64)"
PATH_NAME,car680,25.4,"tensor(0.3342, dtype=torch.float64)"
PATH_NAME,car560,16.1,"tensor(0.3795, dtype=torch.float64)"
PATH_NAME,car600,25.3,"tensor(0.3329, dtype=torch.float64)"
PATH_NAME,car440,25.4,"tensor(0.3342, dtype=torch.float64)"
PATH_NAME,car240,25.6,"tensor(0.3368, dtype=torch.float64)"
PATH_NAME,car320,102.2,"tensor(1.3447, dtype=torch.float64)"
PATH_NAME,car460,88.2,"tensor(1.1605, dtype=torch.float64)"
PATH_NAME,car580,76.2,"tensor(1.0026, dtype=torch.float64)"
PATH_NAME,car100,124.3,"tensor(1.6355, dtype=torch.float64)"
PATH_NAME,car340,103.3,"tensor(1.3592, dtype=torch.float64)"
PATH_NAME,car360,101.3,"tensor(1.3329, dtype=torch.float64)"
PATH_NAME,car540,83.3,"tensor(1.0961, dtype=torch.float64)"
PATH_NAME,car360,2.8,"tensor(0.3300, dtype=torch.float64)"
PATH_NAME,car540,2.8,"tensor(0.3300, dtype=torch.float64)"
PATH_NAME,car700,70.6,"tensor(0.9289, dtype=torch.float64)"
PATH_NAME,car780,62.6,"tensor(0.8237, dtype=torch.float64)"
PATH_NAME,car740,25.3,"tensor(0.3329, dtype=torch.float64)"
PATH_NAME,car700,2.8,"tensor(0.3300, dtype=torch.float64)"
PATH_NAME,car780,2.8,"tensor(0.3300, dtype=torch.float64)"
PATH_NAME,car720,72.0,"tensor(0.9474, dtype=torch.float64)"
PATH_NAME,car1020,42.0,"tensor(0.5526, dtype=torch.float64)"
PATH_NAME,car840,63.4,"tensor(0.8342, dtype=torch.float64)"
PATH_NAME,car1060,41.4,"tensor(0.5447, dtype=torch.float64)"
PATH_NAME,car940,25.3,"tensor(0.3329, dtype=torch.float64)"
PATH_NAME,car80,25.4,"tensor(0.3342, dtype=torch.float64)"
PATH_NAME,car280,25.4,"tensor(0.3342, dtype=torch.float64)"
PATH_NAME,car460,16.0,"tensor(0.3333, dtype=torch.float64)"
PATH_NAME,car580,16.0,"tensor(0.3333, dtype=torch.float64)"
PATH_NAME,car1060,2.8,"tensor(0.3300, dtype=torch.float64)"
PATH_NAME,car320,16.1,"tensor(0.3354, dtype=torch.float64)"
PATH_NAME,car100,16.1,"tensor(0.3354, dtype=torch.float64)"
PATH_NAME,car860,64.8,"tensor(0.8526, dtype=torch.float64)"
PATH_NAME,car1180,32.8,"tensor(0.4316, dtype=torch.float64)"
PATH_NAME,car560,25.4,"tensor(0.3342, dtype=torch.float64)"
PATH_NAME,car860,2.9,"tensor(0.3418, dtype=torch.float64)"
PATH_NAME,car1180,2.9,"tensor(0.3418, dtype=torch.float64)"
PATH_NAME,car920,62.3,"tensor(0.8197, dtype=torch.float64)"
PATH_NAME,car340,18.0,"tensor(0.3750, dtype=torch.float64)"
PATH_NAME,car1220,33.7,"tensor(0.4434, dtype=torch.float64)"
PATH_NAME,car1220,2.9,"tensor(0.3418, dtype=torch.float64)"
PATH_NAME,car1200,39.6,"tensor(0.5211, dtype=torch.float64)"
PATH_NAME,car720,16.0,"tensor(0.3333, dtype=torch.float64)"
PATH_NAME,car1020,16.0,"tensor(0.3333, dtype=torch.float64)"
PATH_NAME,car520,108.3,"tensor(1.4250, dtype=torch.float64)"
PATH_NAME,car760,84.3,"tensor(1.1092, dtype=torch.float64)"
PATH_NAME,car1200,2.9,"tensor(0.3418, dtype=torch.float64)"
PATH_NAME,car620,101.3,"tensor(1.3329, dtype=torch.float64)"
PATH_NAME,car840,17.5,"tensor(0.3646, dtype=torch.float64)"
PATH_NAME,car360,25.3,"tensor(0.3329, dtype=torch.float64)"
PATH_NAME,car540,25.3,"tensor(0.3329, dtype=torch.float64)"
PATH_NAME,car700,26.9,"tensor(0.3539, dtype=torch.float64)"
PATH_NAME,car920,16.0,"tensor(0.3333, dtype=torch.float64)"
PATH_NAME,car780,27.0,"tensor(0.3553, dtype=torch.float64)"
PATH_NAME,car1460,25.4,"tensor(0.3342, dtype=torch.float64)"
PATH_NAME,car1460,2.8,"tensor(0.3300, dtype=torch.float64)"
PATH_NAME,car520,14.1,"tensor(0.3323, dtype=torch.float64)"
PATH_NAME,car760,14.1,"tensor(0.3323, dtype=torch.float64)"
PATH_NAME,car460,25.4,"tensor(0.3342, dtype=torch.float64)"
PATH_NAME,car1060,25.4,"tensor(0.3342, dtype=torch.float64)"
PATH_NAME,car100,25.3,"tensor(0.3329, dtype=torch.float64)"
PATH_NAME,car320,25.5,"tensor(0.3355, dtype=torch.float64)"
PATH_NAME,car580,25.6,"tensor(0.3368, dtype=torch.float64)"
PATH_NAME,car860,25.3,"tensor(0.3329, dtype=torch.float64)"
PATH_NAME,car620,16.2,"tensor(0.3818, dtype=torch.float64)"
PATH_NAME,car1180,26.8,"tensor(0.3526, dtype=torch.float64)"
PATH_NAME,car340,25.5,"tensor(0.3355, dtype=torch.float64)"
PATH_NAME,car1020,25.3,"tensor(0.3329, dtype=torch.float64)"
PATH_NAME,car1220,26.8,"tensor(0.3526, dtype=torch.float64)"
PATH_NAME,car720,25.5,"tensor(0.3355, dtype=torch.float64)"
PATH_NAME,car660,120.2,"tensor(1.5816, dtype=torch.float64)"
PATH_NAME,car880,98.2,"tensor(1.2921, dtype=torch.float64)"
PATH_NAME,car1120,74.2,"tensor(0.9763, dtype=torch.float64)"
PATH_NAME,car960,90.3,"tensor(1.1882, dtype=torch.float64)"
PATH_NAME,car1200,25.4,"tensor(0.3342, dtype=torch.float64)"
PATH_NAME,car1080,81.3,"tensor(1.0697, dtype=torch.float64)"
PATH_NAME,car1260,63.3,"tensor(0.8329, dtype=torch.float64)"
PATH_NAME,car1500,39.3,"tensor(0.5171, dtype=torch.float64)"
PATH_NAME,car840,25.5,"tensor(0.3355, dtype=torch.float64)"
PATH_NAME,car1500,2.8,"tensor(0.3300, dtype=torch.float64)"
PATH_NAME,car1340,58.6,"tensor(0.7711, dtype=torch.float64)"
PATH_NAME,car1700,25.4,"tensor(0.3342, dtype=torch.float64)"
PATH_NAME,car920,25.3,"tensor(0.3329, dtype=torch.float64)"
PATH_NAME,car1380,58.0,"tensor(0.7632, dtype=torch.float64)"
PATH_NAME,car1380,2.8,"tensor(0.3300, dtype=torch.float64)"
PATH_NAME,car1420,57.4,"tensor(0.7553, dtype=torch.float64)"
PATH_NAME,car1460,25.3,"tensor(0.3329, dtype=torch.float64)"
PATH_NAME,car760,25.4,"tensor(0.3342, dtype=torch.float64)"
PATH_NAME,car520,25.5,"tensor(0.3355, dtype=torch.float64)"
PATH_NAME,car660,16.0,"tensor(0.3333, dtype=torch.float64)"
PATH_NAME,car1120,16.0,"tensor(0.3333, dtype=torch.float64)"
PATH_NAME,car880,16.1,"tensor(0.3354, dtype=torch.float64)"
PATH_NAME,car1420,2.9,"tensor(0.3418, dtype=torch.float64)"
PATH_NAME,car960,16.1,"tensor(0.3354, dtype=torch.float64)"
PATH_NAME,car1780,25.4,"tensor(0.3342, dtype=torch.float64)"
PATH_NAME,car620,25.4,"tensor(0.3342, dtype=torch.float64)"
PATH_NAME,car1780,2.8,"tensor(0.3300, dtype=torch.float64)"
PATH_NAME,car1080,18.0,"tensor(0.3750, dtype=torch.float64)"
PATH_NAME,car1260,18.0,"tensor(0.3750, dtype=torch.float64)"
PATH_NAME,car1700,16.0,"tensor(0.3333, dtype=torch.float64)"
PATH_NAME,car1340,19.6,"tensor(0.4083, dtype=torch.float64)"
PATH_NAME,car380,174.3,"tensor(2.2934, dtype=torch.float64)"
PATH_NAME,car980,114.3,"tensor(1.5039, dtype=torch.float64)"
PATH_NAME,car1500,25.3,"tensor(0.3329, dtype=torch.float64)"
PATH_NAME,car1380,25.4,"tensor(0.3342, dtype=torch.float64)"
PATH_NAME,car380,14.1,"tensor(0.3323, dtype=torch.float64)"
PATH_NAME,car980,14.1,"tensor(0.3323, dtype=torch.float64)"
PATH_NAME,car660,25.4,"tensor(0.3342, dtype=torch.float64)"
PATH_NAME,car1120,25.4,"tensor(0.3342, dtype=torch.float64)"
PATH_NAME,car880,25.4,"tensor(0.3342, dtype=torch.float64)"
PATH_NAME,car960,25.3,"tensor(0.3329, dtype=torch.float64)"
PATH_NAME,car1420,26.8,"tensor(0.3526, dtype=torch.float64)"
PATH_NAME,car1780,25.3,"tensor(0.3329, dtype=torch.float64)"
PATH_NAME,car1080,25.3,"tensor(0.3329, dtype=torch.float64)"
PATH_NAME,car1260,25.3,"tensor(0.3329, dtype=torch.float64)"
PATH_NAME,car1700,25.3,"tensor(0.3329, dtype=torch.float64)"
PATH_NAME,car1340,25.3,"tensor(0.3329, dtype=torch.float64)"
PATH_NAME,car1620,76.2,"tensor(1.0026, dtype=torch.float64)"
PATH_NAME,car640,174.3,"tensor(2.2934, dtype=torch.float64)"
PATH_NAME,car1280,110.3,"tensor(1.4513, dtype=torch.float64)"
PATH_NAME,car1440,94.3,"tensor(1.2408, dtype=torch.float64)"
PATH_NAME,car1740,67.3,"tensor(0.8855, dtype=torch.float64)"
PATH_NAME,car1880,53.4,"tensor(0.7026, dtype=torch.float64)"
PATH_NAME,car1740,2.8,"tensor(0.3300, dtype=torch.float64)"
PATH_NAME,car1880,2.8,"tensor(0.3300, dtype=torch.float64)"
PATH_NAME,car1900,54.6,"tensor(0.7184, dtype=torch.float64)"
PATH_NAME,car1960,48.7,"tensor(0.6408, dtype=torch.float64)"
PATH_NAME,car2140,34.0,"tensor(0.4474, dtype=torch.float64)"
PATH_NAME,car2000,48.1,"tensor(0.6329, dtype=torch.float64)"
PATH_NAME,car2000,2.8,"tensor(0.3300, dtype=torch.float64)"
PATH_NAME,car2080,43.5,"tensor(0.5724, dtype=torch.float64)"
PATH_NAME,car380,25.4,"tensor(0.3342, dtype=torch.float64)"
PATH_NAME,car980,25.4,"tensor(0.3342, dtype=torch.float64)"
PATH_NAME,car1620,16.0,"tensor(0.3333, dtype=torch.float64)"
PATH_NAME,car1280,16.0,"tensor(0.3333, dtype=torch.float64)"
PATH_NAME,car1440,16.0,"tensor(0.3333, dtype=torch.float64)"
PATH_NAME,car640,16.1,"tensor(0.3354, dtype=torch.float64)"
PATH_NAME,car2080,2.9,"tensor(0.3418, dtype=torch.float64)"
PATH_NAME,car2120,43.0,"tensor(0.5658, dtype=torch.float64)"
PATH_NAME,car2120,2.8,"tensor(0.3300, dtype=torch.float64)"
PATH_NAME,car2260,32.8,"tensor(0.4316, dtype=torch.float64)"
PATH_NAME,car1900,16.0,"tensor(0.3333, dtype=torch.float64)"
PATH_NAME,car1960,16.0,"tensor(0.3333, dtype=torch.float64)"
PATH_NAME,car2260,2.9,"tensor(0.3418, dtype=torch.float64)"
PATH_NAME,car2380,26.2,"tensor(0.3447, dtype=torch.float64)"
PATH_NAME,car800,184.3,"tensor(2.4250, dtype=torch.float64)"
PATH_NAME,car1480,116.3,"tensor(1.5303, dtype=torch.float64)"
PATH_NAME,car2340,30.4,"tensor(0.4000, dtype=torch.float64)"
PATH_NAME,car2140,17.5,"tensor(0.3646, dtype=torch.float64)"
PATH_NAME,car2380,2.8,"tensor(0.3300, dtype=torch.float64)"
PATH_NAME,car2340,2.8,"tensor(0.3300, dtype=torch.float64)"
PATH_NAME,car2420,27.3,"tensor(0.3592, dtype=torch.float64)"
PATH_NAME,car1740,25.3,"tensor(0.3329, dtype=torch.float64)"
PATH_NAME,car1880,25.3,"tensor(0.3329, dtype=torch.float64)"
PATH_NAME,car2420,2.8,"tensor(0.3300, dtype=torch.float64)"
PATH_NAME,car2000,25.4,"tensor(0.3342, dtype=torch.float64)"
PATH_NAME,car800,14.1,"tensor(0.3323, dtype=torch.float64)"
PATH_NAME,car1480,14.1,"tensor(0.3323, dtype=torch.float64)"
PATH_NAME,car1280,25.3,"tensor(0.3329, dtype=torch.float64)"
PATH_NAME,car1440,25.3,"tensor(0.3329, dtype=torch.float64)"
PATH_NAME,car1620,25.4,"tensor(0.3342, dtype=torch.float64)"
PATH_NAME,car640,25.3,"tensor(0.3329, dtype=torch.float64)"
PATH_NAME,car2080,26.8,"tensor(0.3526, dtype=torch.float64)"
PATH_NAME,car1900,25.4,"tensor(0.3342, dtype=torch.float64)"
PATH_NAME,car1960,25.3,"tensor(0.3329, dtype=torch.float64)"
PATH_NAME,car2120,28.4,"tensor(0.3737, dtype=torch.float64)"
PATH_NAME,car820,208.2,"tensor(2.7395, dtype=torch.float64)"
PATH_NAME,car1920,98.2,"tensor(1.2921, dtype=torch.float64)"
PATH_NAME,car1940,96.2,"tensor(1.2658, dtype=torch.float64)"
PATH_NAME,car1520,138.3,"tensor(1.8197, dtype=torch.float64)"
PATH_NAME,car2140,25.6,"tensor(0.3368, dtype=torch.float64)"
PATH_NAME,car2260,29.4,"tensor(0.3868, dtype=torch.float64)"
PATH_NAME,car2380,25.4,"tensor(0.3342, dtype=torch.float64)"
PATH_NAME,car2020,91.3,"tensor(1.2013, dtype=torch.float64)"
PATH_NAME,car2160,77.4,"tensor(1.0184, dtype=torch.float64)"
PATH_NAME,car2340,28.8,"tensor(0.3789, dtype=torch.float64)"
PATH_NAME,car2180,78.6,"tensor(1.0342, dtype=torch.float64)"
PATH_NAME,car2220,74.6,"tensor(0.9816, dtype=torch.float64)"
PATH_NAME,car2220,2.8,"tensor(0.3300, dtype=torch.float64)"
PATH_NAME,car2180,2.9,"tensor(0.3418, dtype=torch.float64)"
PATH_NAME,car2240,76.0,"tensor(1.0000, dtype=torch.float64)"
PATH_NAME,car2520,48.0,"tensor(0.6316, dtype=torch.float64)"
PATH_NAME,car2420,28.8,"tensor(0.3789, dtype=torch.float64)"
PATH_NAME,car2520,2.8,"tensor(0.3300, dtype=torch.float64)"
PATH_NAME,car2300,73.5,"tensor(0.9671, dtype=torch.float64)"
PATH_NAME,car800,25.5,"tensor(0.3355, dtype=torch.float64)"
PATH_NAME,car1480,25.5,"tensor(0.3355, dtype=torch.float64)"
PATH_NAME,car2740,30.3,"tensor(0.3987, dtype=torch.float64)"
PATH_NAME,car1920,16.0,"tensor(0.3333, dtype=torch.float64)"
PATH_NAME,car1940,16.0,"tensor(0.3333, dtype=torch.float64)"
PATH_NAME,car820,16.1,"tensor(0.3354, dtype=torch.float64)"
PATH_NAME,car1520,16.1,"tensor(0.3354, dtype=torch.float64)"
PATH_NAME,car2320,75.0,"tensor(0.9868, dtype=torch.float64)"
PATH_NAME,car2740,2.8,"tensor(0.3300, dtype=torch.float64)"
PATH_NAME,car2400,70.5,"tensor(0.9276, dtype=torch.float64)"
PATH_NAME,car2020,17.9,"tensor(0.3729, dtype=torch.float64)"
PATH_NAME,car2160,17.8,"tensor(0.3708, dtype=torch.float64)"
PATH_NAME,car2240,16.1,"tensor(0.3354, dtype=torch.float64)"
PATH_NAME,car1040,212.3,"tensor(2.7934, dtype=torch.float64)"
PATH_NAME,car1840,132.3,"tensor(1.7408, dtype=torch.float64)"
PATH_NAME,car1980,121.3,"tensor(1.5961, dtype=torch.float64)"
PATH_NAME,car2300,17.5,"tensor(0.3646, dtype=torch.float64)"
PATH_NAME,car2220,25.3,"tensor(0.3329, dtype=torch.float64)"
PATH_NAME,car2180,25.3,"tensor(0.3329, dtype=torch.float64)"
PATH_NAME,car2320,18.9,"tensor(0.3937, dtype=torch.float64)"
PATH_NAME,car2520,26.9,"tensor(0.3539, dtype=torch.float64)"
PATH_NAME,car1040,14.1,"tensor(0.3323, dtype=torch.float64)"
PATH_NAME,car1840,14.1,"tensor(0.3323, dtype=torch.float64)"
PATH_NAME,car2400,20.4,"tensor(0.4250, dtype=torch.float64)"
PATH_NAME,car1920,25.4,"tensor(0.3342, dtype=torch.float64)"
PATH_NAME,car820,25.4,"tensor(0.3342, dtype=torch.float64)"
PATH_NAME,car1520,25.3,"tensor(0.3329, dtype=torch.float64)"
PATH_NAME,car1940,25.5,"tensor(0.3355, dtype=torch.float64)"
PATH_NAME,car2740,27.5,"tensor(0.3618, dtype=torch.float64)"
PATH_NAME,car1980,16.2,"tensor(0.3818, dtype=torch.float64)"
PATH_NAME,car2020,25.3,"tensor(0.3329, dtype=torch.float64)"
PATH_NAME,car2160,25.3,"tensor(0.3329, dtype=torch.float64)"
PATH_NAME,car2240,25.4,"tensor(0.3342, dtype=torch.float64)"
PATH_NAME,car1100,232.2,"tensor(3.0553, dtype=torch.float64)"
PATH_NAME,car2480,94.2,"tensor(1.2395, dtype=torch.float64)"
PATH_NAME,car2620,80.2,"tensor(1.0553, dtype=torch.float64)"
PATH_NAME,car2640,81.3,"tensor(1.0697, dtype=torch.float64)"
PATH_NAME,car2760,69.3,"tensor(0.9118, dtype=torch.float64)"
PATH_NAME,car2300,25.6,"tensor(0.3368, dtype=torch.float64)"
PATH_NAME,car2760,2.8,"tensor(0.3300, dtype=torch.float64)"
PATH_NAME,car2720,76.6,"tensor(1.0079, dtype=torch.float64)"
PATH_NAME,car2960,52.6,"tensor(0.6921, dtype=torch.float64)"
PATH_NAME,car2960,2.8,"tensor(0.3300, dtype=torch.float64)"
PATH_NAME,car2720,2.9,"tensor(0.3418, dtype=torch.float64)"
PATH_NAME,car2320,25.7,"tensor(0.3382, dtype=torch.float64)"
PATH_NAME,car2780,74.0,"tensor(0.9737, dtype=torch.float64)"
PATH_NAME,car3040,48.0,"tensor(0.6316, dtype=torch.float64)"
PATH_NAME,car3040,2.8,"tensor(0.3300, dtype=torch.float64)"
PATH_NAME,car2780,2.9,"tensor(0.3418, dtype=torch.float64)"
PATH_NAME,car3120,43.4,"tensor(0.5711, dtype=torch.float64)"
PATH_NAME,car3300,25.4,"tensor(0.3342, dtype=torch.float64)"
PATH_NAME,car2940,61.5,"tensor(0.8092, dtype=torch.float64)"
PATH_NAME,car1040,25.4,"tensor(0.3342, dtype=torch.float64)"
PATH_NAME,car1840,25.4,"tensor(0.3342, dtype=torch.float64)"
PATH_NAME,car2400,25.6,"tensor(0.3368, dtype=torch.float64)"
PATH_NAME,car2480,16.0,"tensor(0.3333, dtype=torch.float64)"
PATH_NAME,car2620,16.0,"tensor(0.3333, dtype=torch.float64)"
PATH_NAME,car3120,2.8,"tensor(0.3300, dtype=torch.float64)"
PATH_NAME,car1100,16.1,"tensor(0.3354, dtype=torch.float64)"
PATH_NAME,car2940,2.8,"tensor(0.3300, dtype=torch.float64)"
PATH_NAME,car3020,56.9,"tensor(0.7487, dtype=torch.float64)"
PATH_NAME,car1980,25.4,"tensor(0.3342, dtype=torch.float64)"
PATH_NAME,car3020,2.9,"tensor(0.3418, dtype=torch.float64)"
PATH_NAME,car2640,17.9,"tensor(0.3729, dtype=torch.float64)"
PATH_NAME,car3380,25.4,"tensor(0.3342, dtype=torch.float64)"
PATH_NAME,car3380,2.8,"tensor(0.3300, dtype=torch.float64)"
PATH_NAME,car1560,212.2,"tensor(2.7921, dtype=torch.float64)"
PATH_NAME,car900,278.3,"tensor(3.6618, dtype=torch.float64)"
PATH_NAME,car3420,27.0,"tensor(0.3553, dtype=torch.float64)"
PATH_NAME,car3300,16.0,"tensor(0.3333, dtype=torch.float64)"
PATH_NAME,car3420,2.8,"tensor(0.3300, dtype=torch.float64)"
PATH_NAME,car2760,25.3,"tensor(0.3329, dtype=torch.float64)"
PATH_NAME,car3500,25.4,"tensor(0.3342, dtype=torch.float64)"
PATH_NAME,car2720,25.3,"tensor(0.3329, dtype=torch.float64)"
PATH_NAME,car3500,2.8,"tensor(0.3300, dtype=torch.float64)"
PATH_NAME,car2960,26.9,"tensor(0.3539, dtype=torch.float64)"
PATH_NAME,car2780,27.0,"tensor(0.3553, dtype=torch.float64)"
PATH_NAME,car900,14.1,"tensor(0.3323, dtype=torch.float64)"
PATH_NAME,car1560,14.2,"tensor(0.3347, dtype=torch.float64)"
PATH_NAME,car3040,28.5,"tensor(0.3750, dtype=torch.float64)"
PATH_NAME,car2480,25.4,"tensor(0.3342, dtype=torch.float64)"
PATH_NAME,car2620,25.4,"tensor(0.3342, dtype=torch.float64)"
PATH_NAME,car1100,25.4,"tensor(0.3342, dtype=torch.float64)"
PATH_NAME,car3600,25.4,"tensor(0.3342, dtype=torch.float64)"
PATH_NAME,car2940,28.6,"tensor(0.3763, dtype=torch.float64)"
PATH_NAME,car3120,30.0,"tensor(0.3947, dtype=torch.float64)"
PATH_NAME,car3600,2.8,"tensor(0.3300, dtype=torch.float64)"
PATH_NAME,car2640,25.4,"tensor(0.3342, dtype=torch.float64)"
PATH_NAME,car3640,25.4,"tensor(0.3342, dtype=torch.float64)"
PATH_NAME,car3020,30.0,"tensor(0.3947, dtype=torch.float64)"
PATH_NAME,car3640,2.8,"tensor(0.3300, dtype=torch.float64)"
PATH_NAME,car3380,26.9,"tensor(0.3539, dtype=torch.float64)"
PATH_NAME,car2500,143.8,"tensor(1.8921, dtype=torch.float64)"
PATH_NAME,car1000,294.2,"tensor(3.8711, dtype=torch.float64)"
PATH_NAME,car2980,96.2,"tensor(1.2658, dtype=torch.float64)"
PATH_NAME,car1660,228.3,"tensor(3.0039, dtype=torch.float64)"
PATH_NAME,car2560,140.7,"tensor(1.8513, dtype=torch.float64)"
PATH_NAME,car3300,25.3,"tensor(0.3329, dtype=torch.float64)"
PATH_NAME,car1140,283.3,"tensor(3.7276, dtype=torch.float64)"
PATH_NAME,car3140,83.3,"tensor(1.0961, dtype=torch.float64)"
PATH_NAME,car3420,26.3,"tensor(0.3461, dtype=torch.float64)"
PATH_NAME,car2560,2.8,"tensor(0.3300, dtype=torch.float64)"
PATH_NAME,car2580,142.0,"tensor(1.8684, dtype=torch.float64)"
PATH_NAME,car3160,84.6,"tensor(1.1132, dtype=torch.float64)"
PATH_NAME,car2580,2.8,"tensor(0.3300, dtype=torch.float64)"
PATH_NAME,car2880,115.3,"tensor(1.5171, dtype=torch.float64)"
PATH_NAME,car3160,2.8,"tensor(0.3300, dtype=torch.float64)"
PATH_NAME,car3500,25.3,"tensor(0.3329, dtype=torch.float64)"
PATH_NAME,car3180,86.0,"tensor(1.1316, dtype=torch.float64)"
PATH_NAME,car2880,2.9,"tensor(0.3418, dtype=torch.float64)"
PATH_NAME,car3060,100.7,"tensor(1.3250, dtype=torch.float64)"
PATH_NAME,car3180,2.8,"tensor(0.3300, dtype=torch.float64)"
PATH_NAME,car3240,83.4,"tensor(1.0974, dtype=torch.float64)"
PATH_NAME,car1560,25.3,"tensor(0.3329, dtype=torch.float64)"
PATH_NAME,car900,25.4,"tensor(0.3342, dtype=torch.float64)"
PATH_NAME,car2500,16.0,"tensor(0.3333, dtype=torch.float64)"
PATH_NAME,car2980,16.0,"tensor(0.3333, dtype=torch.float64)"
PATH_NAME,car3100,100.2,"tensor(1.3184, dtype=torch.float64)"
PATH_NAME,car1000,16.1,"tensor(0.3354, dtype=torch.float64)"
PATH_NAME,car1660,16.0,"tensor(0.3333, dtype=torch.float64)"
PATH_NAME,car3100,2.8,"tensor(0.3300, dtype=torch.float64)"
PATH_NAME,car3600,25.3,"tensor(0.3329, dtype=torch.float64)"
PATH_NAME,car3200,93.6,"tensor(1.2316, dtype=torch.float64)"
PATH_NAME,car3140,17.9,"tensor(0.3729, dtype=torch.float64)"
PATH_NAME,car1140,18.0,"tensor(0.3750, dtype=torch.float64)"
PATH_NAME,car3200,2.9,"tensor(0.3418, dtype=torch.float64)"
PATH_NAME,car3640,25.4,"tensor(0.3342, dtype=torch.float64)"
PATH_NAME,car3940,26.2,"tensor(0.3447, dtype=torch.float64)"
PATH_NAME,car1240,296.3,"tensor(3.8987, dtype=torch.float64)"
PATH_NAME,car3340,86.3,"tensor(1.1355, dtype=torch.float64)"
PATH_NAME,car3060,16.0,"tensor(0.3333, dtype=torch.float64)"
PATH_NAME,car3940,2.8,"tensor(0.3300, dtype=torch.float64)"
PATH_NAME,car1300,293.3,"tensor(3.8592, dtype=torch.float64)"
PATH_NAME,car3240,16.0,"tensor(0.3333, dtype=torch.float64)"
PATH_NAME,car2560,25.4,"tensor(0.3342, dtype=torch.float64)"
PATH_NAME,car3160,25.4,"tensor(0.3342, dtype=torch.float64)"
PATH_NAME,car2580,27.1,"tensor(0.3566, dtype=torch.float64)"
PATH_NAME,car3180,27.0,"tensor(0.3553, dtype=torch.float64)"
PATH_NAME,car1240,14.1,"tensor(0.3323, dtype=torch.float64)"
PATH_NAME,car3340,14.1,"tensor(0.3323, dtype=torch.float64)"
PATH_NAME,car2880,28.6,"tensor(0.3763, dtype=torch.float64)"
PATH_NAME,car2500,25.4,"tensor(0.3342, dtype=torch.float64)"
PATH_NAME,car1660,25.3,"tensor(0.3329, dtype=torch.float64)"
PATH_NAME,car2980,25.4,"tensor(0.3342, dtype=torch.float64)"
PATH_NAME,car1000,25.4,"tensor(0.3342, dtype=torch.float64)"
PATH_NAME,car1300,16.0,"tensor(0.3771, dtype=torch.float64)"
PATH_NAME,car3100,26.8,"tensor(0.3526, dtype=torch.float64)"
PATH_NAME,car3140,25.4,"tensor(0.3342, dtype=torch.float64)"
PATH_NAME,car1140,25.4,"tensor(0.3342, dtype=torch.float64)"
PATH_NAME,car3200,28.4,"tensor(0.3737, dtype=torch.float64)"
PATH_NAME,car3360,110.2,"tensor(1.4500, dtype=torch.float64)"
PATH_NAME,car3700,76.2,"tensor(1.0026, dtype=torch.float64)"
PATH_NAME,car3900,56.2,"tensor(0.7395, dtype=torch.float64)"
PATH_NAME,car1360,310.3,"tensor(4.0829, dtype=torch.float64)"
PATH_NAME,car3060,25.4,"tensor(0.3342, dtype=torch.float64)"
PATH_NAME,car3940,25.4,"tensor(0.3342, dtype=torch.float64)"
PATH_NAME,car3240,25.4,"tensor(0.3342, dtype=torch.float64)"
PATH_NAME,car3900,2.8,"tensor(0.3300, dtype=torch.float64)"
PATH_NAME,car1540,295.3,"tensor(3.8855, dtype=torch.float64)"
PATH_NAME,car3740,75.3,"tensor(0.9908, dtype=torch.float64)"
PATH_NAME,car3960,53.4,"tensor(0.7026, dtype=torch.float64)"
PATH_NAME,car4040,48.6,"tensor(0.6395, dtype=torch.float64)"
PATH_NAME,car4160,36.6,"tensor(0.4816, dtype=torch.float64)"
PATH_NAME,car4160,2.8,"tensor(0.3300, dtype=torch.float64)"
PATH_NAME,car3340,25.3,"tensor(0.3329, dtype=torch.float64)"
PATH_NAME,car1240,25.4,"tensor(0.3342, dtype=torch.float64)"
PATH_NAME,car3700,16.0,"tensor(0.3333, dtype=torch.float64)"
PATH_NAME,car1360,16.0,"tensor(0.3333, dtype=torch.float64)"
PATH_NAME,car3360,16.1,"tensor(0.3354, dtype=torch.float64)"
PATH_NAME,car1300,25.5,"tensor(0.3355, dtype=torch.float64)"
PATH_NAME,car3960,16.0,"tensor(0.3333, dtype=torch.float64)"
PATH_NAME,car3740,17.8,"tensor(0.3708, dtype=torch.float64)"
PATH_NAME,car1540,17.9,"tensor(0.3729, dtype=torch.float64)"
PATH_NAME,car4040,17.7,"tensor(0.3687, dtype=torch.float64)"
PATH_NAME,car1160,356.3,"tensor(4.6882, dtype=torch.float64)"
PATH_NAME,car1680,304.3,"tensor(4.0039, dtype=torch.float64)"
PATH_NAME,car3900,25.4,"tensor(0.3342, dtype=torch.float64)"
PATH_NAME,car4540,25.4,"tensor(0.3342, dtype=torch.float64)"
PATH_NAME,car4160,25.3,"tensor(0.3329, dtype=torch.float64)"
PATH_NAME,car4540,2.8,"tensor(0.3300, dtype=torch.float64)"
PATH_NAME,car4580,25.4,"tensor(0.3342, dtype=torch.float64)"
PATH_NAME,car4580,2.8,"tensor(0.3300, dtype=torch.float64)"
PATH_NAME,car1160,14.1,"tensor(0.3323, dtype=torch.float64)"
PATH_NAME,car1680,14.1,"tensor(0.3323, dtype=torch.float64)"
PATH_NAME,car1360,25.3,"tensor(0.3329, dtype=torch.float64)"
PATH_NAME,car3700,25.4,"tensor(0.3342, dtype=torch.float64)"
PATH_NAME,car3360,25.4,"tensor(0.3342, dtype=torch.float64)"
PATH_NAME,car4620,26.3,"tensor(0.3461, dtype=torch.float64)"
PATH_NAME,car3960,25.4,"tensor(0.3342, dtype=torch.float64)"
PATH_NAME,car4620,2.8,"tensor(0.3300, dtype=torch.float64)"
PATH_NAME,car1540,25.4,"tensor(0.3342, dtype=torch.float64)"
PATH_NAME,car3740,25.5,"tensor(0.3355, dtype=torch.float64)"
PATH_NAME,car4040,25.4,"tensor(0.3342, dtype=torch.float64)"
PATH_NAME,car3440,153.0,"tensor(2.0132, dtype=torch.float64)"
PATH_NAME,car4080,90.2,"tensor(1.1868, dtype=torch.float64)"
PATH_NAME,car1320,366.3,"tensor(4.8197, dtype=torch.float64)"
PATH_NAME,car1720,326.3,"tensor(4.2934, dtype=torch.float64)"
PATH_NAME,car3520,147.6,"tensor(1.9421, dtype=torch.float64)"
PATH_NAME,car1400,361.3,"tensor(4.7539, dtype=torch.float64)"
PATH_NAME,car2360,265.3,"tensor(3.4908, dtype=torch.float64)"
PATH_NAME,car4120,89.3,"tensor(1.1750, dtype=torch.float64)"
PATH_NAME,car3520,2.9,"tensor(0.3418, dtype=torch.float64)"
PATH_NAME,car3780,124.8,"tensor(1.6421, dtype=torch.float64)"
PATH_NAME,car4120,2.8,"tensor(0.3300, dtype=torch.float64)"
PATH_NAME,car2460,258.6,"tensor(3.4026, dtype=torch.float64)"
PATH_NAME,car4180,86.6,"tensor(1.1395, dtype=torch.float64)"
PATH_NAME,car3840,122.1,"tensor(1.6066, dtype=torch.float64)"
PATH_NAME,car4180,2.9,"tensor(0.3418, dtype=torch.float64)"
PATH_NAME,car4540,25.3,"tensor(0.3329, dtype=torch.float64)"
PATH_NAME,car4360,72.0,"tensor(0.9474, dtype=torch.float64)"
PATH_NAME,car3840,2.9,"tensor(0.3418, dtype=torch.float64)"
PATH_NAME,car3860,123.5,"tensor(1.6250, dtype=torch.float64)"
PATH_NAME,car4400,71.5,"tensor(0.9408, dtype=torch.float64)"
PATH_NAME,car4580,25.4,"tensor(0.3342, dtype=torch.float64)"
PATH_NAME,car1160,25.4,"tensor(0.3342, dtype=torch.float64)"
PATH_NAME,car1680,25.4,"tensor(0.3342, dtype=torch.float64)"
PATH_NAME,car3860,2.8,"tensor(0.3300, dtype=torch.float64)"
PATH_NAME,car4020,110.9,"tensor(1.4592, dtype=torch.float64)"
PATH_NAME,car3440,16.0,"tensor(0.3333, dtype=torch.float64)"
PATH_NAME,car4080,16.0,"tensor(0.3333, dtype=torch.float64)"
PATH_NAME,car1320,16.1,"tensor(0.3354, dtype=torch.float64)"
PATH_NAME,car1720,16.1,"tensor(0.3354, dtype=torch.float64)"
PATH_NAME,car4500,64.9,"tensor(0.8539, dtype=torch.float64)"
PATH_NAME,car4020,2.8,"tensor(0.3300, dtype=torch.float64)"
PATH_NAME,car4140,102.3,"tensor(1.3461, dtype=torch.float64)"
PATH_NAME,car4620,25.6,"tensor(0.3368, dtype=torch.float64)"
PATH_NAME,car4500,2.9,"tensor(0.3418, dtype=torch.float64)"
PATH_NAME,car3780,16.0,"tensor(0.3333, dtype=torch.float64)"
PATH_NAME,car4140,2.9,"tensor(0.3418, dtype=torch.float64)"
PATH_NAME,car1400,18.0,"tensor(0.3750, dtype=torch.float64)"
PATH_NAME,car2360,18.0,"tensor(0.3750, dtype=torch.float64)"
PATH_NAME,car4220,97.8,"tensor(1.2868, dtype=torch.float64)"
PATH_NAME,car4360,16.0,"tensor(0.3333, dtype=torch.float64)"
PATH_NAME,car2460,19.6,"tensor(0.4083, dtype=torch.float64)"
PATH_NAME,car1580,366.3,"tensor(4.8197, dtype=torch.float64)"
PATH_NAME,car3560,168.3,"tensor(2.2145, dtype=torch.float64)"
PATH_NAME,car4380,86.3,"tensor(1.1355, dtype=torch.float64)"
PATH_NAME,car4380,2.8,"tensor(0.3300, dtype=torch.float64)"
PATH_NAME,car1600,367.3,"tensor(4.8329, dtype=torch.float64)"
PATH_NAME,car3800,147.3,"tensor(1.9382, dtype=torch.float64)"
PATH_NAME,car3520,25.3,"tensor(0.3329, dtype=torch.float64)"
PATH_NAME,car4400,17.5,"tensor(0.3646, dtype=torch.float64)"
PATH_NAME,car4120,25.3,"tensor(0.3329, dtype=torch.float64)"
PATH_NAME,car1760,354.6,"tensor(4.6658, dtype=torch.float64)"
PATH_NAME,car3840,25.3,"tensor(0.3329, dtype=torch.float64)"
PATH_NAME,car4180,26.9,"tensor(0.3539, dtype=torch.float64)"
PATH_NAME,car4220,16.0,"tensor(0.3333, dtype=torch.float64)"
PATH_NAME,car1580,14.1,"tensor(0.3323, dtype=torch.float64)"
PATH_NAME,car3440,25.4,"tensor(0.3342, dtype=torch.float64)"
PATH_NAME,car3560,14.2,"tensor(0.3347, dtype=torch.float64)"
PATH_NAME,car3860,27.0,"tensor(0.3553, dtype=torch.float64)"
PATH_NAME,car5140,25.4,"tensor(0.3342, dtype=torch.float64)"
PATH_NAME,car4080,25.4,"tensor(0.3342, dtype=torch.float64)"
PATH_NAME,car1320,25.3,"tensor(0.3329, dtype=torch.float64)"
PATH_NAME,car1720,25.3,"tensor(0.3329, dtype=torch.float64)"
PATH_NAME,car5140,2.8,"tensor(0.3300, dtype=torch.float64)"
PATH_NAME,car4500,25.3,"tensor(0.3329, dtype=torch.float64)"
PATH_NAME,car1600,16.1,"tensor(0.3795, dtype=torch.float64)"
PATH_NAME,car3800,16.2,"tensor(0.3818, dtype=torch.float64)"
PATH_NAME,car3780,25.4,"tensor(0.3342, dtype=torch.float64)"
PATH_NAME,car4020,28.6,"tensor(0.3763, dtype=torch.float64)"
PATH_NAME,car5180,26.3,"tensor(0.3461, dtype=torch.float64)"
PATH_NAME,car2360,25.4,"tensor(0.3342, dtype=torch.float64)"
PATH_NAME,car1400,25.5,"tensor(0.3355, dtype=torch.float64)"
PATH_NAME,car5180,2.8,"tensor(0.3300, dtype=torch.float64)"
PATH_NAME,car1760,17.7,"tensor(0.4172, dtype=torch.float64)"
PATH_NAME,car4140,30.0,"tensor(0.3947, dtype=torch.float64)"
PATH_NAME,car4360,25.4,"tensor(0.3342, dtype=torch.float64)"
PATH_NAME,car2460,25.4,"tensor(0.3342, dtype=torch.float64)"
PATH_NAME,car4280,122.2,"tensor(1.6079, dtype=torch.float64)"
PATH_NAME,car4800,70.2,"tensor(0.9237, dtype=torch.float64)"
PATH_NAME,car1800,370.3,"tensor(4.8724, dtype=torch.float64)"
PATH_NAME,car4640,86.3,"tensor(1.1355, dtype=torch.float64)"
PATH_NAME,car4660,87.3,"tensor(1.1487, dtype=torch.float64)"
PATH_NAME,car4980,55.3,"tensor(0.7276, dtype=torch.float64)"
PATH_NAME,car4380,27.1,"tensor(0.3566, dtype=torch.float64)"
PATH_NAME,car4400,25.4,"tensor(0.3342, dtype=torch.float64)"
PATH_NAME,car4980,2.8,"tensor(0.3300, dtype=torch.float64)"
PATH_NAME,car4700,86.6,"tensor(1.1395, dtype=torch.float64)"
PATH_NAME,car5160,40.6,"tensor(0.5342, dtype=torch.float64)"
PATH_NAME,car4700,2.9,"tensor(0.3418, dtype=torch.float64)"
PATH_NAME,car4820,78.0,"tensor(1.0263, dtype=torch.float64)"
PATH_NAME,car4220,25.3,"tensor(0.3329, dtype=torch.float64)"
PATH_NAME,car4920,71.5,"tensor(0.9408, dtype=torch.float64)"
PATH_NAME,car1580,25.5,"tensor(0.3355, dtype=torch.float64)"
PATH_NAME,car3560,25.4,"tensor(0.3342, dtype=torch.float64)"
PATH_NAME,car4280,16.0,"tensor(0.3333, dtype=torch.float64)"
PATH_NAME,car4800,16.0,"tensor(0.3333, dtype=torch.float64)"
PATH_NAME,car1800,16.0,"tensor(0.3333, dtype=torch.float64)"
PATH_NAME,car4640,16.0,"tensor(0.3333, dtype=torch.float64)"
PATH_NAME,car5100,56.9,"tensor(0.7487, dtype=torch.float64)"
PATH_NAME,car5140,25.3,"tensor(0.3329, dtype=torch.float64)"
PATH_NAME,car1600,25.5,"tensor(0.3355, dtype=torch.float64)"
PATH_NAME,car3800,25.4,"tensor(0.3342, dtype=torch.float64)"
PATH_NAME,car5100,2.9,"tensor(0.3418, dtype=torch.float64)"
PATH_NAME,car5240,46.4,"tensor(0.6105, dtype=torch.float64)"
PATH_NAME,car4660,17.9,"tensor(0.3729, dtype=torch.float64)"
PATH_NAME,car5180,25.4,"tensor(0.3342, dtype=torch.float64)"
PATH_NAME,car5160,16.1,"tensor(0.3354, dtype=torch.float64)"
PATH_NAME,car1760,25.5,"tensor(0.3355, dtype=torch.float64)"
PATH_NAME,car5320,43.7,"tensor(0.5750, dtype=torch.float64)"
PATH_NAME,car4820,16.1,"tensor(0.3354, dtype=torch.float64)"
PATH_NAME,car1640,412.3,"tensor(5.4250, dtype=torch.float64)"
PATH_NAME,car2600,316.3,"tensor(4.1618, dtype=torch.float64)"
PATH_NAME,car5320,2.8,"tensor(0.3300, dtype=torch.float64)"
PATH_NAME,car2840,295.3,"tensor(3.8855, dtype=torch.float64)"
PATH_NAME,car4920,17.5,"tensor(0.3646, dtype=torch.float64)"
PATH_NAME,car4980,25.3,"tensor(0.3329, dtype=torch.float64)"
PATH_NAME,car3000,282.6,"tensor(3.7184, dtype=torch.float64)"
PATH_NAME,car4700,25.3,"tensor(0.3329, dtype=torch.float64)"
PATH_NAME,car3080,278.0,"tensor(3.6579, dtype=torch.float64)"
PATH_NAME,car5240,16.0,"tensor(0.3333, dtype=torch.float64)"
PATH_NAME,car3220,267.4,"tensor(3.5184, dtype=torch.float64)"
PATH_NAME,car1640,14.1,"tensor(0.3323, dtype=torch.float64)"
PATH_NAME,car2600,14.1,"tensor(0.3323, dtype=torch.float64)"
PATH_NAME,car4280,25.4,"tensor(0.3342, dtype=torch.float64)"
PATH_NAME,car4640,25.3,"tensor(0.3329, dtype=torch.float64)"
PATH_NAME,car4800,25.4,"tensor(0.3342, dtype=torch.float64)"
PATH_NAME,car1800,25.4,"tensor(0.3342, dtype=torch.float64)"
PATH_NAME,car3320,260.8,"tensor(3.4316, dtype=torch.float64)"
PATH_NAME,car5100,25.3,"tensor(0.3329, dtype=torch.float64)"
PATH_NAME,car2840,16.1,"tensor(0.3795, dtype=torch.float64)"
PATH_NAME,car4660,25.4,"tensor(0.3342, dtype=torch.float64)"
PATH_NAME,car5160,25.3,"tensor(0.3329, dtype=torch.float64)"
PATH_NAME,car3000,17.7,"tensor(0.4172, dtype=torch.float64)"
PATH_NAME,car4820,25.5,"tensor(0.3355, dtype=torch.float64)"
PATH_NAME,car5280,74.2,"tensor(0.9763, dtype=torch.float64)"
PATH_NAME,car2040,398.3,"tensor(5.2408, dtype=torch.float64)"
PATH_NAME,car3760,226.3,"tensor(2.9776, dtype=torch.float64)"
PATH_NAME,car4420,160.3,"tensor(2.1092, dtype=torch.float64)"
PATH_NAME,car5320,25.4,"tensor(0.3342, dtype=torch.float64)"
PATH_NAME,car3080,19.0,"tensor(0.4478, dtype=torch.float64)"
PATH_NAME,car5280,2.8,"tensor(0.3300, dtype=torch.float64)"
PATH_NAME,car2200,385.3,"tensor(5.0697, dtype=torch.float64)"
PATH_NAME,car4440,161.3,"tensor(2.1224, dtype=torch.float64)"
PATH_NAME,car5540,51.3,"tensor(0.6750, dtype=torch.float64)"
PATH_NAME,car4920,25.5,"tensor(0.3355, dtype=torch.float64)"
PATH_NAME,car5540,2.8,"tensor(0.3300, dtype=torch.float64)"
PATH_NAME,car4460,162.6,"tensor(2.1395, dtype=torch.float64)"
PATH_NAME,car5580,50.6,"tensor(0.6658, dtype=torch.float64)"
PATH_NAME,car3220,19.5,"tensor(0.4596, dtype=torch.float64)"
PATH_NAME,car4460,2.8,"tensor(0.3300, dtype=torch.float64)"
PATH_NAME,car5580,2.8,"tensor(0.3300, dtype=torch.float64)"
PATH_NAME,car5240,25.3,"tensor(0.3329, dtype=torch.float64)"
PATH_NAME,car5020,109.9,"tensor(1.4461, dtype=torch.float64)"
PATH_NAME,car5680,44.0,"tensor(0.5789, dtype=torch.float64)"
PATH_NAME,car3320,19.8,"tensor(0.4667, dtype=torch.float64)"
PATH_NAME,car5300,85.3,"tensor(1.1224, dtype=torch.float64)"
PATH_NAME,car5700,45.4,"tensor(0.5974, dtype=torch.float64)"
PATH_NAME,car1640,25.4,"tensor(0.3342, dtype=torch.float64)"
PATH_NAME,car2600,25.4,"tensor(0.3342, dtype=torch.float64)"
PATH_NAME,car3760,16.0,"tensor(0.3333, dtype=torch.float64)"
PATH_NAME,car4420,16.0,"tensor(0.3333, dtype=torch.float64)"
PATH_NAME,car2040,16.1,"tensor(0.3354, dtype=torch.float64)"
PATH_NAME,car5480,70.8,"tensor(0.9316, dtype=torch.float64)"
PATH_NAME,car5720,46.8,"tensor(0.6158, dtype=torch.float64)"
PATH_NAME,car2840,25.3,"tensor(0.3329, dtype=torch.float64)"
PATH_NAME,car5480,2.8,"tensor(0.3300, dtype=torch.float64)"
PATH_NAME,car5720,2.8,"tensor(0.3300, dtype=torch.float64)"
PATH_NAME,car5840,38.3,"tensor(0.5039, dtype=torch.float64)"
PATH_NAME,car4440,17.9,"tensor(0.3729, dtype=torch.float64)"
PATH_NAME,car2200,18.0,"tensor(0.3750, dtype=torch.float64)"
PATH_NAME,car5840,2.8,"tensor(0.3300, dtype=torch.float64)"
PATH_NAME,car3000,25.3,"tensor(0.3329, dtype=torch.float64)"
PATH_NAME,car5680,16.0,"tensor(0.3333, dtype=torch.float64)"
PATH_NAME,car5020,16.2,"tensor(0.3375, dtype=torch.float64)"
PATH_NAME,car2440,384.3,"tensor(5.0566, dtype=torch.float64)"
PATH_NAME,car4320,196.3,"tensor(2.5829, dtype=torch.float64)"
PATH_NAME,car6000,28.3,"tensor(0.3724, dtype=torch.float64)"
PATH_NAME,car5280,25.4,"tensor(0.3342, dtype=torch.float64)"
PATH_NAME,car3080,25.7,"tensor(0.3382, dtype=torch.float64)"
PATH_NAME,car6000,2.8,"tensor(0.3300, dtype=torch.float64)"
PATH_NAME,car4760,155.3,"tensor(2.0434, dtype=torch.float64)"
PATH_NAME,car5700,17.5,"tensor(0.3646, dtype=torch.float64)"
PATH_NAME,car5300,17.9,"tensor(0.3729, dtype=torch.float64)"
PATH_NAME,car5540,27.2,"tensor(0.3579, dtype=torch.float64)"
PATH_NAME,car3220,26.8,"tensor(0.3526, dtype=torch.float64)"
PATH_NAME,car4460,25.3,"tensor(0.3329, dtype=torch.float64)"
PATH_NAME,car5580,28.8,"tensor(0.3789, dtype=torch.float64)"
PATH_NAME,car3320,28.0,"tensor(0.3684, dtype=torch.float64)"
PATH_NAME,car2440,14.1,"tensor(0.3323, dtype=torch.float64)"
PATH_NAME,car4320,14.1,"tensor(0.3323, dtype=torch.float64)"
PATH_NAME,car3760,25.3,"tensor(0.3329, dtype=torch.float64)"
PATH_NAME,car4420,25.3,"tensor(0.3329, dtype=torch.float64)"
PATH_NAME,car2040,25.3,"tensor(0.3329, dtype=torch.float64)"
PATH_NAME,car5480,25.3,"tensor(0.3329, dtype=torch.float64)"
PATH_NAME,car5720,25.4,"tensor(0.3342, dtype=torch.float64)"
PATH_NAME,car4760,16.1,"tensor(0.3795, dtype=torch.float64)"
PATH_NAME,car6220,25.4,"tensor(0.3342, dtype=torch.float64)"
PATH_NAME,car4440,25.5,"tensor(0.3355, dtype=torch.float64)"
PATH_NAME,car2200,25.5,"tensor(0.3355, dtype=torch.float64)"
PATH_NAME,car6220,2.8,"tensor(0.3300, dtype=torch.float64)"
PATH_NAME,car5840,26.8,"tensor(0.3526, dtype=torch.float64)"
PATH_NAME,car5680,25.3,"tensor(0.3329, dtype=torch.float64)"
PATH_NAME,car5020,25.5,"tensor(0.3355, dtype=torch.float64)"
PATH_NAME,car4780,176.2,"tensor(2.3184, dtype=torch.float64)"
PATH_NAME,car5500,104.2,"tensor(1.3711, dtype=torch.float64)"
PATH_NAME,car3260,328.3,"tensor(4.3197, dtype=torch.float64)"
PATH_NAME,car5340,120.3,"tensor(1.5829, dtype=torch.float64)"
PATH_NAME,car6000,25.7,"tensor(0.3382, dtype=torch.float64)"
PATH_NAME,car3460,311.3,"tensor(4.0961, dtype=torch.float64)"
PATH_NAME,car5400,117.3,"tensor(1.5434, dtype=torch.float64)"
PATH_NAME,car5780,79.3,"tensor(1.0434, dtype=torch.float64)"
PATH_NAME,car5700,25.5,"tensor(0.3355, dtype=torch.float64)"
PATH_NAME,car5300,25.3,"tensor(0.3329, dtype=torch.float64)"
PATH_NAME,car4260,234.6,"tensor(3.0868, dtype=torch.float64)"
PATH_NAME,car5420,118.6,"tensor(1.5605, dtype=torch.float64)"
PATH_NAME,car5880,72.6,"tensor(0.9553, dtype=torch.float64)"
PATH_NAME,car5880,2.8,"tensor(0.3300, dtype=torch.float64)"
PATH_NAME,car4300,233.9,"tensor(3.0776, dtype=torch.float64)"
PATH_NAME,car5560,108.0,"tensor(1.4211, dtype=torch.float64)"
PATH_NAME,car6120,52.0,"tensor(0.6842, dtype=torch.float64)"
PATH_NAME,car5560,2.8,"tensor(0.3300, dtype=torch.float64)"
PATH_NAME,car4480,219.3,"tensor(2.8855, dtype=torch.float64)"
PATH_NAME,car5900,77.4,"tensor(1.0184, dtype=torch.float64)"
PATH_NAME,car6300,37.4,"tensor(0.4921, dtype=torch.float64)"
PATH_NAME,car4320,25.4,"tensor(0.3342, dtype=torch.float64)"
PATH_NAME,car2440,25.5,"tensor(0.3355, dtype=torch.float64)"
PATH_NAME,car4780,16.0,"tensor(0.3333, dtype=torch.float64)"
PATH_NAME,car5500,16.0,"tensor(0.3333, dtype=torch.float64)"
PATH_NAME,car6300,2.8,"tensor(0.3300, dtype=torch.float64)"
PATH_NAME,car3260,16.0,"tensor(0.3333, dtype=torch.float64)"
PATH_NAME,car5340,16.1,"tensor(0.3354, dtype=torch.float64)"
PATH_NAME,car5940,76.8,"tensor(1.0105, dtype=torch.float64)"
PATH_NAME,car6440,28.3,"tensor(0.3724, dtype=torch.float64)"
PATH_NAME,car4760,25.3,"tensor(0.3329, dtype=torch.float64)"
PATH_NAME,car6100,64.3,"tensor(0.8461, dtype=torch.float64)"
PATH_NAME,car6440,2.8,"tensor(0.3300, dtype=torch.float64)"
PATH_NAME,car3460,17.9,"tensor(0.3729, dtype=torch.float64)"
PATH_NAME,car5780,17.9,"tensor(0.3729, dtype=torch.float64)"
PATH_NAME,car5400,18.0,"tensor(0.3750, dtype=torch.float64)"
PATH_NAME,car6220,25.3,"tensor(0.3329, dtype=torch.float64)"
PATH_NAME,car6100,2.8,"tensor(0.3300, dtype=torch.float64)"
PATH_NAME,car6340,45.6,"tensor(0.6000, dtype=torch.float64)"
PATH_NAME,car4260,19.5,"tensor(0.4062, dtype=torch.float64)"
PATH_NAME,car6120,16.1,"tensor(0.3354, dtype=torch.float64)"
PATH_NAME,car5420,19.6,"tensor(0.4083, dtype=torch.float64)"
PATH_NAME,car2660,414.3,"tensor(5.4513, dtype=torch.float64)"
PATH_NAME,car4240,256.3,"tensor(3.3724, dtype=torch.float64)"
PATH_NAME,car6340,2.9,"tensor(0.3418, dtype=torch.float64)"
PATH_NAME,car6360,46.5,"tensor(0.6118, dtype=torch.float64)"
PATH_NAME,car2680,415.3,"tensor(5.4645, dtype=torch.float64)"
PATH_NAME,car4300,21.2,"tensor(0.4417, dtype=torch.float64)"
PATH_NAME,car5900,17.8,"tensor(0.3708, dtype=torch.float64)"
PATH_NAME,car6360,2.8,"tensor(0.3300, dtype=torch.float64)"
PATH_NAME,car2920,394.6,"tensor(5.1921, dtype=torch.float64)"
PATH_NAME,car6540,33.4,"tensor(0.4395, dtype=torch.float64)"
PATH_NAME,car5880,25.3,"tensor(0.3329, dtype=torch.float64)"
PATH_NAME,car4480,22.2,"tensor(0.4625, dtype=torch.float64)"
PATH_NAME,car5940,19.3,"tensor(0.4021, dtype=torch.float64)"
PATH_NAME,car6540,2.8,"tensor(0.3300, dtype=torch.float64)"
PATH_NAME,car5560,25.3,"tensor(0.3329, dtype=torch.float64)"
PATH_NAME,car2660,14.1,"tensor(0.3323, dtype=torch.float64)"
PATH_NAME,car4240,14.1,"tensor(0.3323, dtype=torch.float64)"
PATH_NAME,car3260,25.3,"tensor(0.3329, dtype=torch.float64)"
PATH_NAME,car5500,25.4,"tensor(0.3342, dtype=torch.float64)"
PATH_NAME,car6300,25.4,"tensor(0.3342, dtype=torch.float64)"
PATH_NAME,car4780,25.5,"tensor(0.3355, dtype=torch.float64)"
PATH_NAME,car5340,25.3,"tensor(0.3329, dtype=torch.float64)"
PATH_NAME,car6720,25.4,"tensor(0.3342, dtype=torch.float64)"
PATH_NAME,car2680,16.1,"tensor(0.3795, dtype=torch.float64)"
PATH_NAME,car6720,2.8,"tensor(0.3300, dtype=torch.float64)"
PATH_NAME,car5780,25.3,"tensor(0.3329, dtype=torch.float64)"
PATH_NAME,car6440,25.4,"tensor(0.3342, dtype=torch.float64)"
PATH_NAME,car3460,25.5,"tensor(0.3355, dtype=torch.float64)"
PATH_NAME,car5400,25.4,"tensor(0.3342, dtype=torch.float64)"
PATH_NAME,car6100,25.3,"tensor(0.3329, dtype=torch.float64)"
PATH_NAME,car2920,17.7,"tensor(0.4172, dtype=torch.float64)"
PATH_NAME,car6120,25.4,"tensor(0.3342, dtype=torch.float64)"
PATH_NAME,car4260,25.5,"tensor(0.3355, dtype=torch.float64)"
PATH_NAME,car5420,25.5,"tensor(0.3355, dtype=torch.float64)"
PATH_NAME,car6060,100.2,"tensor(1.3184, dtype=torch.float64)"
PATH_NAME,car6480,58.2,"tensor(0.7658, dtype=torch.float64)"
PATH_NAME,car3980,308.3,"tensor(4.0566, dtype=torch.float64)"
PATH_NAME,car4740,232.3,"tensor(3.0566, dtype=torch.float64)"
PATH_NAME,car6340,25.4,"tensor(0.3342, dtype=torch.float64)"
PATH_NAME,car5120,197.3,"tensor(2.5961, dtype=torch.float64)"
PATH_NAME,car6380,71.3,"tensor(0.9382, dtype=torch.float64)"
PATH_NAME,car6500,59.3,"tensor(0.7803, dtype=torch.float64)"
PATH_NAME,car4300,25.5,"tensor(0.3355, dtype=torch.float64)"
PATH_NAME,car5900,25.4,"tensor(0.3342, dtype=torch.float64)"
PATH_NAME,car6500,2.8,"tensor(0.3300, dtype=torch.float64)"
PATH_NAME,car5260,186.6,"tensor(2.4553, dtype=torch.float64)"
PATH_NAME,car6640,48.6,"tensor(0.6395, dtype=torch.float64)"
PATH_NAME,car6660,46.6,"tensor(0.6132, dtype=torch.float64)"
PATH_NAME,car6360,27.6,"tensor(0.3632, dtype=torch.float64)"
PATH_NAME,car6640,2.8,"tensor(0.3300, dtype=torch.float64)"
PATH_NAME,car4480,26.2,"tensor(0.3447, dtype=torch.float64)"
PATH_NAME,car5940,25.6,"tensor(0.3368, dtype=torch.float64)"
PATH_NAME,car6820,34.0,"tensor(0.4474, dtype=torch.float64)"
PATH_NAME,car6540,27.6,"tensor(0.3632, dtype=torch.float64)"
PATH_NAME,car6820,2.8,"tensor(0.3300, dtype=torch.float64)"
PATH_NAME,car6880,31.4,"tensor(0.4132, dtype=torch.float64)"
PATH_NAME,car6940,25.4,"tensor(0.3342, dtype=torch.float64)"
PATH_NAME,car4240,25.4,"tensor(0.3342, dtype=torch.float64)"
PATH_NAME,car2660,26.3,"tensor(0.3461, dtype=torch.float64)"
PATH_NAME,car6060,16.0,"tensor(0.3333, dtype=torch.float64)"
PATH_NAME,car6480,16.0,"tensor(0.3333, dtype=torch.float64)"
PATH_NAME,car3980,16.0,"tensor(0.3333, dtype=torch.float64)"
PATH_NAME,car4740,16.0,"tensor(0.3333, dtype=torch.float64)"
PATH_NAME,car6720,25.3,"tensor(0.3329, dtype=torch.float64)"
PATH_NAME,car2680,26.3,"tensor(0.3461, dtype=torch.float64)"
PATH_NAME,car5120,17.9,"tensor(0.3729, dtype=torch.float64)"
PATH_NAME,car6380,17.9,"tensor(0.3729, dtype=torch.float64)"
PATH_NAME,car6660,16.0,"tensor(0.3333, dtype=torch.float64)"
PATH_NAME,car2920,26.4,"tensor(0.3474, dtype=torch.float64)"
PATH_NAME,car5260,19.5,"tensor(0.4062, dtype=torch.float64)"
PATH_NAME,car4880,244.2,"tensor(3.2132, dtype=torch.float64)"
PATH_NAME,car4720,260.3,"tensor(3.4250, dtype=torch.float64)"
PATH_NAME,car5040,231.2,"tensor(3.0421, dtype=torch.float64)"
PATH_NAME,car4900,245.3,"tensor(3.2276, dtype=torch.float64)"
PATH_NAME,car6880,16.0,"tensor(0.3333, dtype=torch.float64)"
PATH_NAME,car6940,16.0,"tensor(0.3333, dtype=torch.float64)"
PATH_NAME,car6500,25.3,"tensor(0.3329, dtype=torch.float64)"
PATH_NAME,car5360,202.6,"tensor(2.6658, dtype=torch.float64)"
PATH_NAME,car6640,25.3,"tensor(0.3329, dtype=torch.float64)"
PATH_NAME,car5380,203.9,"tensor(2.6829, dtype=torch.float64)"
PATH_NAME,car6820,25.3,"tensor(0.3329, dtype=torch.float64)"
PATH_NAME,car5440,201.3,"tensor(2.6487, dtype=torch.float64)"
PATH_NAME,car4720,14.1,"tensor(0.3323, dtype=torch.float64)"
PATH_NAME,car4880,14.2,"tensor(0.3347, dtype=torch.float64)"
PATH_NAME,car4740,25.3,"tensor(0.3329, dtype=torch.float64)"
PATH_NAME,car6060,25.4,"tensor(0.3342, dtype=torch.float64)"
PATH_NAME,car6480,25.4,"tensor(0.3342, dtype=torch.float64)"
PATH_NAME,car3980,25.4,"tensor(0.3342, dtype=torch.float64)"
PATH_NAME,car5040,16.1,"tensor(0.3795, dtype=torch.float64)"
PATH_NAME,car4900,16.1,"tensor(0.3795, dtype=torch.float64)"
PATH_NAME,car6380,25.3,"tensor(0.3329, dtype=torch.float64)"
PATH_NAME,car5120,25.4,"tensor(0.3342, dtype=torch.float64)"
PATH_NAME,car6660,25.4,"tensor(0.3342, dtype=torch.float64)"
PATH_NAME,car5360,17.7,"tensor(0.4172, dtype=torch.float64)"
PATH_NAME,car5260,25.4,"tensor(0.3342, dtype=torch.float64)"
PATH_NAME,car6800,78.2,"tensor(1.0289, dtype=torch.float64)"
PATH_NAME,car5060,252.3,"tensor(3.3197, dtype=torch.float64)"
PATH_NAME,car5740,184.3,"tensor(2.4250, dtype=torch.float64)"
PATH_NAME,car6600,98.3,"tensor(1.2934, dtype=torch.float64)"
PATH_NAME,car6940,25.3,"tensor(0.3329, dtype=torch.float64)"
PATH_NAME,car6880,25.4,"tensor(0.3342, dtype=torch.float64)"
PATH_NAME,car6800,2.8,"tensor(0.3300, dtype=torch.float64)"
PATH_NAME,car5380,19.2,"tensor(0.4525, dtype=torch.float64)"
PATH_NAME,car5080,253.3,"tensor(3.3329, dtype=torch.float64)"
PATH_NAME,car6740,87.4,"tensor(1.1500, dtype=torch.float64)"
PATH_NAME,car6980,63.4,"tensor(0.8342, dtype=torch.float64)"
PATH_NAME,car6980,2.8,"tensor(0.3300, dtype=torch.float64)"
PATH_NAME,car5220,242.6,"tensor(3.1921, dtype=torch.float64)"
PATH_NAME,car7000,64.6,"tensor(0.8500, dtype=torch.float64)"
PATH_NAME,car6760,88.7,"tensor(1.1671, dtype=torch.float64)"
PATH_NAME,car5440,19.7,"tensor(0.4643, dtype=torch.float64)"
PATH_NAME,car7300,38.0,"tensor(0.5000, dtype=torch.float64)"
PATH_NAME,car7100,58.1,"tensor(0.7645, dtype=torch.float64)"
PATH_NAME,car7100,2.8,"tensor(0.3300, dtype=torch.float64)"
PATH_NAME,car7360,35.4,"tensor(0.4658, dtype=torch.float64)"
PATH_NAME,car7320,39.5,"tensor(0.5197, dtype=torch.float64)"
PATH_NAME,car4720,25.4,"tensor(0.3342, dtype=torch.float64)"
PATH_NAME,car4880,25.5,"tensor(0.3355, dtype=torch.float64)"
PATH_NAME,car5060,16.0,"tensor(0.3333, dtype=torch.float64)"
PATH_NAME,car5740,16.0,"tensor(0.3333, dtype=torch.float64)"
PATH_NAME,car6600,16.0,"tensor(0.3333, dtype=torch.float64)"
PATH_NAME,car7320,2.9,"tensor(0.3418, dtype=torch.float64)"
PATH_NAME,car7380,37.0,"tensor(0.4868, dtype=torch.float64)"
PATH_NAME,car7480,28.3,"tensor(0.3724, dtype=torch.float64)"
PATH_NAME,car4900,25.4,"tensor(0.3342, dtype=torch.float64)"
PATH_NAME,car5040,25.5,"tensor(0.3355, dtype=torch.float64)"
PATH_NAME,car5080,17.9,"tensor(0.3729, dtype=torch.float64)"
PATH_NAME,car6740,17.8,"tensor(0.3708, dtype=torch.float64)"
PATH_NAME,car7000,16.0,"tensor(0.3333, dtype=torch.float64)"
PATH_NAME,car5360,25.4,"tensor(0.3342, dtype=torch.float64)"
PATH_NAME,car5220,19.5,"tensor(0.4062, dtype=torch.float64)"
PATH_NAME,car6760,19.4,"tensor(0.4042, dtype=torch.float64)"
PATH_NAME,car4100,374.3,"tensor(4.9250, dtype=torch.float64)"
PATH_NAME,car5520,232.3,"tensor(3.0566, dtype=torch.float64)"
PATH_NAME,car7300,17.6,"tensor(0.3667, dtype=torch.float64)"
PATH_NAME,car6800,25.4,"tensor(0.3342, dtype=torch.float64)"
PATH_NAME,car5380,25.7,"tensor(0.3382, dtype=torch.float64)"
PATH_NAME,car7620,25.4,"tensor(0.3342, dtype=torch.float64)"
PATH_NAME,car7620,2.8,"tensor(0.3300, dtype=torch.float64)"
PATH_NAME,car7360,19.1,"tensor(0.3979, dtype=torch.float64)"
PATH_NAME,car7380,16.0,"tensor(0.3333, dtype=torch.float64)"
PATH_NAME,car6980,27.1,"tensor(0.3566, dtype=torch.float64)"
PATH_NAME,car5440,26.8,"tensor(0.3526, dtype=torch.float64)"
PATH_NAME,car7480,19.1,"tensor(0.3979, dtype=torch.float64)"
PATH_NAME,car7100,25.4,"tensor(0.3342, dtype=torch.float64)"
PATH_NAME,car4100,14.1,"tensor(0.3323, dtype=torch.float64)"
PATH_NAME,car5520,14.1,"tensor(0.3323, dtype=torch.float64)"
PATH_NAME,car5740,25.3,"tensor(0.3329, dtype=torch.float64)"
PATH_NAME,car6600,25.3,"tensor(0.3329, dtype=torch.float64)"
PATH_NAME,car5060,25.4,"tensor(0.3342, dtype=torch.float64)"
PATH_NAME,car7320,26.8,"tensor(0.3526, dtype=torch.float64)"
PATH_NAME,car6740,25.4,"tensor(0.3342, dtype=torch.float64)"
PATH_NAME,car5080,25.6,"tensor(0.3368, dtype=torch.float64)"
PATH_NAME,car7000,25.5,"tensor(0.3355, dtype=torch.float64)"
PATH_NAME,car6760,25.5,"tensor(0.3355, dtype=torch.float64)"
PATH_NAME,car5220,25.6,"tensor(0.3368, dtype=torch.float64)"
PATH_NAME,car7140,96.2,"tensor(1.2658, dtype=torch.float64)"
PATH_NAME,car7400,70.2,"tensor(0.9237, dtype=torch.float64)"
PATH_NAME,car4200,390.3,"tensor(5.1355, dtype=torch.float64)"
PATH_NAME,car5960,214.3,"tensor(2.8197, dtype=torch.float64)"
PATH_NAME,car7300,25.4,"tensor(0.3342, dtype=torch.float64)"
PATH_NAME,car4940,319.3,"tensor(4.2013, dtype=torch.float64)"
PATH_NAME,car7260,87.3,"tensor(1.1487, dtype=torch.float64)"
PATH_NAME,car7540,59.3,"tensor(0.7803, dtype=torch.float64)"
PATH_NAME,car7620,25.3,"tensor(0.3329, dtype=torch.float64)"
PATH_NAME,car7360,25.5,"tensor(0.3355, dtype=torch.float64)"
PATH_NAME,car7260,2.8,"tensor(0.3300, dtype=torch.float64)"
PATH_NAME,car7380,25.4,"tensor(0.3342, dtype=torch.float64)"
PATH_NAME,car5200,296.6,"tensor(3.9026, dtype=torch.float64)"
PATH_NAME,car7340,82.6,"tensor(1.0868, dtype=torch.float64)"
PATH_NAME,car7580,58.6,"tensor(0.7711, dtype=torch.float64)"
PATH_NAME,car7580,2.8,"tensor(0.3300, dtype=torch.float64)"
PATH_NAME,car7500,70.0,"tensor(0.9211, dtype=torch.float64)"
PATH_NAME,car7600,60.0,"tensor(0.7895, dtype=torch.float64)"
PATH_NAME,car7480,25.5,"tensor(0.3355, dtype=torch.float64)"
PATH_NAME,car7500,3.0,"tensor(0.3536, dtype=torch.float64)"
PATH_NAME,car7640,59.5,"tensor(0.7829, dtype=torch.float64)"
PATH_NAME,car7800,43.5,"tensor(0.5724, dtype=torch.float64)"
PATH_NAME,car4100,25.4,"tensor(0.3342, dtype=torch.float64)"
PATH_NAME,car5520,25.4,"tensor(0.3342, dtype=torch.float64)"
PATH_NAME,car7140,16.0,"tensor(0.3333, dtype=torch.float64)"
PATH_NAME,car5960,16.0,"tensor(0.3333, dtype=torch.float64)"
PATH_NAME,car7400,16.1,"tensor(0.3354, dtype=torch.float64)"
PATH_NAME,car7640,2.8,"tensor(0.3300, dtype=torch.float64)"
PATH_NAME,car4200,16.1,"tensor(0.3354, dtype=torch.float64)"
PATH_NAME,car7900,36.9,"tensor(0.4855, dtype=torch.float64)"
PATH_NAME,car7940,36.4,"tensor(0.4789, dtype=torch.float64)"
PATH_NAME,car4940,18.0,"tensor(0.3750, dtype=torch.float64)"
PATH_NAME,car7540,18.0,"tensor(0.3750, dtype=torch.float64)"
PATH_NAME,car7340,16.1,"tensor(0.3354, dtype=torch.float64)"
PATH_NAME,car7940,2.8,"tensor(0.3300, dtype=torch.float64)"
PATH_NAME,car8080,27.3,"tensor(0.3592, dtype=torch.float64)"
PATH_NAME,car5200,19.6,"tensor(0.4083, dtype=torch.float64)"
PATH_NAME,car7600,16.2,"tensor(0.3375, dtype=torch.float64)"
PATH_NAME,car5620,274.3,"tensor(3.6092, dtype=torch.float64)"
PATH_NAME,car6400,196.3,"tensor(2.5829, dtype=torch.float64)"
PATH_NAME,car8080,2.8,"tensor(0.3300, dtype=torch.float64)"
PATH_NAME,car5640,275.3,"tensor(3.6224, dtype=torch.float64)"
PATH_NAME,car7800,16.0,"tensor(0.3333, dtype=torch.float64)"
PATH_NAME,car8140,26.1,"tensor(0.3434, dtype=torch.float64)"
PATH_NAME,car7260,25.3,"tensor(0.3329, dtype=torch.float64)"
PATH_NAME,car8140,2.8,"tensor(0.3300, dtype=torch.float64)"
PATH_NAME,car7900,17.5,"tensor(0.3646, dtype=torch.float64)"
PATH_NAME,car7580,25.4,"tensor(0.3342, dtype=torch.float64)"
PATH_NAME,car7500,25.3,"tensor(0.3329, dtype=torch.float64)"
PATH_NAME,car5620,14.1,"tensor(0.3323, dtype=torch.float64)"
PATH_NAME,car6400,14.1,"tensor(0.3323, dtype=torch.float64)"
PATH_NAME,car5960,25.3,"tensor(0.3329, dtype=torch.float64)"
PATH_NAME,car7140,25.4,"tensor(0.3342, dtype=torch.float64)"
PATH_NAME,car7640,25.3,"tensor(0.3329, dtype=torch.float64)"
PATH_NAME,car4200,25.3,"tensor(0.3329, dtype=torch.float64)"
PATH_NAME,car7400,25.4,"tensor(0.3342, dtype=torch.float64)"
PATH_NAME,car5640,16.1,"tensor(0.3795, dtype=torch.float64)"
PATH_NAME,car7540,25.4,"tensor(0.3342, dtype=torch.float64)"
PATH_NAME,car4940,25.5,"tensor(0.3355, dtype=torch.float64)"
PATH_NAME,car7340,25.3,"tensor(0.3329, dtype=torch.float64)"
PATH_NAME,car7940,25.3,"tensor(0.3329, dtype=torch.float64)"
PATH_NAME,car7560,105.3,"tensor(1.3855, dtype=torch.float64)"
PATH_NAME,car7600,25.4,"tensor(0.3342, dtype=torch.float64)"
PATH_NAME,car5200,25.6,"tensor(0.3368, dtype=torch.float64)"
PATH_NAME,car7760,86.2,"tensor(1.1342, dtype=torch.float64)"
PATH_NAME,car5820,280.3,"tensor(3.6882, dtype=torch.float64)"
PATH_NAME,car6840,178.3,"tensor(2.3461, dtype=torch.float64)"
PATH_NAME,car8080,25.3,"tensor(0.3329, dtype=torch.float64)"
PATH_NAME,car7780,86.1,"tensor(1.1329, dtype=torch.float64)"
PATH_NAME,car7800,25.3,"tensor(0.3329, dtype=torch.float64)"
PATH_NAME,car6560,209.3,"tensor(2.7539, dtype=torch.float64)"
PATH_NAME,car6920,173.3,"tensor(2.2803, dtype=torch.float64)"
PATH_NAME,car7820,83.4,"tensor(1.0974, dtype=torch.float64)"
PATH_NAME,car8000,67.3,"tensor(0.8855, dtype=torch.float64)"
PATH_NAME,car7820,2.8,"tensor(0.3300, dtype=torch.float64)"
PATH_NAME,car8140,25.5,"tensor(0.3355, dtype=torch.float64)"
PATH_NAME,car7040,164.6,"tensor(2.1658, dtype=torch.float64)"
PATH_NAME,car7840,84.6,"tensor(1.1132, dtype=torch.float64)"
PATH_NAME,car7900,25.4,"tensor(0.3342, dtype=torch.float64)"
PATH_NAME,car8020,68.7,"tensor(0.9039, dtype=torch.float64)"
PATH_NAME,car7840,2.9,"tensor(0.3418, dtype=torch.float64)"
PATH_NAME,car8240,48.0,"tensor(0.6316, dtype=torch.float64)"
PATH_NAME,car8020,2.8,"tensor(0.3300, dtype=torch.float64)"
PATH_NAME,car8060,68.1,"tensor(0.8961, dtype=torch.float64)"
PATH_NAME,car8240,2.8,"tensor(0.3300, dtype=torch.float64)"
PATH_NAME,car8420,33.4,"tensor(0.4395, dtype=torch.float64)"
PATH_NAME,car5620,25.4,"tensor(0.3342, dtype=torch.float64)"
PATH_NAME,car6400,25.4,"tensor(0.3342, dtype=torch.float64)"
PATH_NAME,car7560,16.0,"tensor(0.3333, dtype=torch.float64)"
PATH_NAME,car8220,55.6,"tensor(0.7316, dtype=torch.float64)"
PATH_NAME,car7760,16.0,"tensor(0.3333, dtype=torch.float64)"
PATH_NAME,car5820,16.0,"tensor(0.3333, dtype=torch.float64)"
PATH_NAME,car6840,16.0,"tensor(0.3333, dtype=torch.float64)"
PATH_NAME,car8520,28.3,"tensor(0.3724, dtype=torch.float64)"
PATH_NAME,car8220,2.8,"tensor(0.3300, dtype=torch.float64)"
PATH_NAME,car5640,25.4,"tensor(0.3342, dtype=torch.float64)"
PATH_NAME,car8280,53.0,"tensor(0.6974, dtype=torch.float64)"
PATH_NAME,car7780,18.1,"tensor(0.3771, dtype=torch.float64)"
PATH_NAME,car8520,2.8,"tensor(0.3300, dtype=torch.float64)"
PATH_NAME,car6920,17.9,"tensor(0.3729, dtype=torch.float64)"
PATH_NAME,car6560,18.0,"tensor(0.3750, dtype=torch.float64)"
PATH_NAME,car8280,2.9,"tensor(0.3418, dtype=torch.float64)"
PATH_NAME,car8000,19.9,"tensor(0.4146, dtype=torch.float64)"
PATH_NAME,car7040,19.5,"tensor(0.4062, dtype=torch.float64)"
PATH_NAME,car6020,286.2,"tensor(3.7658, dtype=torch.float64)"
PATH_NAME,car5460,342.3,"tensor(4.5039, dtype=torch.float64)"
PATH_NAME,car8420,16.0,"tensor(0.3333, dtype=torch.float64)"
PATH_NAME,car8060,18.0,"tensor(0.3750, dtype=torch.float64)"
PATH_NAME,car7820,25.3,"tensor(0.3329, dtype=torch.float64)"
PATH_NAME,car7840,27.0,"tensor(0.3553, dtype=torch.float64)"
PATH_NAME,car8020,25.3,"tensor(0.3329, dtype=torch.float64)"
PATH_NAME,car5460,14.1,"tensor(0.3323, dtype=torch.float64)"
PATH_NAME,car6020,14.2,"tensor(0.3347, dtype=torch.float64)"
PATH_NAME,car7560,25.3,"tensor(0.3329, dtype=torch.float64)"
PATH_NAME,car8240,28.7,"tensor(0.3776, dtype=torch.float64)"
PATH_NAME,car5820,25.3,"tensor(0.3329, dtype=torch.float64)"
PATH_NAME,car6840,25.3,"tensor(0.3329, dtype=torch.float64)"
PATH_NAME,car7760,25.4,"tensor(0.3342, dtype=torch.float64)"
PATH_NAME,car8220,25.3,"tensor(0.3329, dtype=torch.float64)"
PATH_NAME,car7780,25.5,"tensor(0.3355, dtype=torch.float64)"
PATH_NAME,car8520,25.4,"tensor(0.3342, dtype=torch.float64)"
PATH_NAME,car6560,25.3,"tensor(0.3329, dtype=torch.float64)"
PATH_NAME,car6920,25.4,"tensor(0.3342, dtype=torch.float64)"
PATH_NAME,car8280,26.8,"tensor(0.3526, dtype=torch.float64)"
PATH_NAME,car8000,25.4,"tensor(0.3342, dtype=torch.float64)"
PATH_NAME,car7040,25.4,"tensor(0.3342, dtype=torch.float64)"
PATH_NAME,car6080,306.2,"tensor(4.0289, dtype=torch.float64)"
PATH_NAME,car8440,70.2,"tensor(0.9237, dtype=torch.float64)"
PATH_NAME,car5800,334.3,"tensor(4.3987, dtype=torch.float64)"
PATH_NAME,car8180,96.3,"tensor(1.2671, dtype=torch.float64)"
PATH_NAME,car8420,25.4,"tensor(0.3342, dtype=torch.float64)"
PATH_NAME,car8440,2.9,"tensor(0.3418, dtype=torch.float64)"
PATH_NAME,car6260,291.3,"tensor(3.8329, dtype=torch.float64)"
PATH_NAME,car8260,91.3,"tensor(1.2013, dtype=torch.float64)"
PATH_NAME,car8540,63.3,"tensor(0.8329, dtype=torch.float64)"
PATH_NAME,car8060,25.4,"tensor(0.3342, dtype=torch.float64)"
PATH_NAME,car8260,2.8,"tensor(0.3300, dtype=torch.float64)"
PATH_NAME,car8540,2.8,"tensor(0.3300, dtype=torch.float64)"
PATH_NAME,car6280,292.6,"tensor(3.8500, dtype=torch.float64)"
PATH_NAME,car8380,82.6,"tensor(1.0868, dtype=torch.float64)"
PATH_NAME,car8600,60.6,"tensor(0.7974, dtype=torch.float64)"
PATH_NAME,car8380,2.8,"tensor(0.3300, dtype=torch.float64)"
PATH_NAME,car8620,62.0,"tensor(0.8158, dtype=torch.float64)"
PATH_NAME,car8900,34.0,"tensor(0.4474, dtype=torch.float64)"
PATH_NAME,car8620,2.8,"tensor(0.3300, dtype=torch.float64)"
PATH_NAME,car8900,2.8,"tensor(0.3300, dtype=torch.float64)"
PATH_NAME,car8700,57.4,"tensor(0.7553, dtype=torch.float64)"
PATH_NAME,car5460,25.4,"tensor(0.3342, dtype=torch.float64)"
PATH_NAME,car6020,25.4,"tensor(0.3342, dtype=torch.float64)"
PATH_NAME,car6080,16.1,"tensor(0.3354, dtype=torch.float64)"
PATH_NAME,car8180,16.0,"tensor(0.3333, dtype=torch.float64)"
PATH_NAME,car5800,16.1,"tensor(0.3354, dtype=torch.float64)"
PATH_NAME,car8960,34.8,"tensor(0.4579, dtype=torch.float64)"
PATH_NAME,car6260,18.0,"tensor(0.3750, dtype=torch.float64)"
PATH_NAME,car9100,25.4,"tensor(0.3342, dtype=torch.float64)"
PATH_NAME,car9060,29.7,"tensor(0.3908, dtype=torch.float64)"
PATH_NAME,car8600,16.0,"tensor(0.3333, dtype=torch.float64)"
PATH_NAME,car6280,19.6,"tensor(0.4083, dtype=torch.float64)"
PATH_NAME,car6680,272.3,"tensor(3.5829, dtype=torch.float64)"
PATH_NAME,car7200,220.3,"tensor(2.8987, dtype=torch.float64)"
PATH_NAME,car8440,25.4,"tensor(0.3342, dtype=torch.float64)"
PATH_NAME,car7240,219.3,"tensor(2.8855, dtype=torch.float64)"
PATH_NAME,car8700,16.0,"tensor(0.3333, dtype=torch.float64)"
PATH_NAME,car8260,25.3,"tensor(0.3329, dtype=torch.float64)"
PATH_NAME,car7280,218.6,"tensor(2.8763, dtype=torch.float64)"
PATH_NAME,car8540,27.3,"tensor(0.3592, dtype=torch.float64)"
PATH_NAME,car8960,17.5,"tensor(0.3646, dtype=torch.float64)"
PATH_NAME,car7660,183.9,"tensor(2.4197, dtype=torch.float64)"
PATH_NAME,car8380,27.0,"tensor(0.3553, dtype=torch.float64)"
PATH_NAME,car9100,16.0,"tensor(0.3333, dtype=torch.float64)"
PATH_NAME,car8900,25.5,"tensor(0.3355, dtype=torch.float64)"
PATH_NAME,car7720,181.3,"tensor(2.3855, dtype=torch.float64)"
PATH_NAME,car9060,17.6,"tensor(0.3667, dtype=torch.float64)"
PATH_NAME,car6680,14.1,"tensor(0.3323, dtype=torch.float64)"
PATH_NAME,car7200,14.1,"tensor(0.3323, dtype=torch.float64)"
PATH_NAME,car8620,28.5,"tensor(0.3750, dtype=torch.float64)"
PATH_NAME,car8180,25.3,"tensor(0.3329, dtype=torch.float64)"
PATH_NAME,car5800,25.3,"tensor(0.3329, dtype=torch.float64)"
PATH_NAME,car6080,25.5,"tensor(0.3355, dtype=torch.float64)"
PATH_NAME,car7240,16.1,"tensor(0.3795, dtype=torch.float64)"
PATH_NAME,car6260,25.4,"tensor(0.3342, dtype=torch.float64)"
PATH_NAME,car8600,25.3,"tensor(0.3329, dtype=torch.float64)"
PATH_NAME,car7280,17.7,"tensor(0.4172, dtype=torch.float64)"
PATH_NAME,car6280,25.5,"tensor(0.3355, dtype=torch.float64)"
PATH_NAME,car8580,107.8,"tensor(1.4184, dtype=torch.float64)"
PATH_NAME,car8640,102.2,"tensor(1.3447, dtype=torch.float64)"
PATH_NAME,car7460,220.3,"tensor(2.8987, dtype=torch.float64)"
PATH_NAME,car7740,192.3,"tensor(2.5303, dtype=torch.float64)"
PATH_NAME,car8720,96.7,"tensor(1.2724, dtype=torch.float64)"
PATH_NAME,car8700,25.4,"tensor(0.3342, dtype=torch.float64)"
PATH_NAME,car7660,19.2,"tensor(0.4525, dtype=torch.float64)"
PATH_NAME,car7700,199.3,"tensor(2.6224, dtype=torch.float64)"
PATH_NAME,car8860,83.3,"tensor(1.0961, dtype=torch.float64)"
PATH_NAME,car8720,2.9,"tensor(0.3418, dtype=torch.float64)"
PATH_NAME,car8740,98.0,"tensor(1.2895, dtype=torch.float64)"
PATH_NAME,car8980,74.6,"tensor(0.9816, dtype=torch.float64)"
PATH_NAME,car7720,19.7,"tensor(0.4643, dtype=torch.float64)"
PATH_NAME,car8960,25.4,"tensor(0.3342, dtype=torch.float64)"
PATH_NAME,car8800,95.4,"tensor(1.2553, dtype=torch.float64)"
PATH_NAME,car9360,40.0,"tensor(0.5263, dtype=torch.float64)"
PATH_NAME,car9100,25.3,"tensor(0.3329, dtype=torch.float64)"
PATH_NAME,car9060,25.3,"tensor(0.3329, dtype=torch.float64)"
PATH_NAME,car8840,94.8,"tensor(1.2474, dtype=torch.float64)"
PATH_NAME,car9360,2.8,"tensor(0.3300, dtype=torch.float64)"
PATH_NAME,car7200,25.4,"tensor(0.3342, dtype=torch.float64)"
PATH_NAME,car6680,25.5,"tensor(0.3355, dtype=torch.float64)"
PATH_NAME,car9540,26.9,"tensor(0.3539, dtype=torch.float64)"
PATH_NAME,car8580,16.1,"tensor(0.3354, dtype=torch.float64)"
PATH_NAME,car8640,16.0,"tensor(0.3333, dtype=torch.float64)"
PATH_NAME,car9180,64.2,"tensor(0.8447, dtype=torch.float64)"
PATH_NAME,car7460,16.0,"tensor(0.3333, dtype=torch.float64)"
PATH_NAME,car7740,16.0,"tensor(0.3333, dtype=torch.float64)"
PATH_NAME,car7240,25.4,"tensor(0.3342, dtype=torch.float64)"
PATH_NAME,car9180,2.9,"tensor(0.3418, dtype=torch.float64)"
PATH_NAME,car9200,65.7,"tensor(0.8645, dtype=torch.float64)"
PATH_NAME,car7700,17.9,"tensor(0.3729, dtype=torch.float64)"
PATH_NAME,car8860,17.9,"tensor(0.3729, dtype=torch.float64)"
PATH_NAME,car8740,16.0,"tensor(0.3333, dtype=torch.float64)"
PATH_NAME,car7280,25.5,"tensor(0.3355, dtype=torch.float64)"
PATH_NAME,car8980,19.5,"tensor(0.4062, dtype=torch.float64)"
PATH_NAME,car6160,376.2,"tensor(4.9500, dtype=torch.float64)"
PATH_NAME,car6860,306.3,"tensor(4.0303, dtype=torch.float64)"
PATH_NAME,car8800,17.5,"tensor(0.3646, dtype=torch.float64)"
PATH_NAME,car7660,25.7,"tensor(0.3382, dtype=torch.float64)"
PATH_NAME,car7020,293.3,"tensor(3.8592, dtype=torch.float64)"
PATH_NAME,car8720,25.4,"tensor(0.3342, dtype=torch.float64)"
PATH_NAME,car9540,16.1,"tensor(0.3354, dtype=torch.float64)"
PATH_NAME,car8840,19.1,"tensor(0.3979, dtype=torch.float64)"
PATH_NAME,car9740,25.4,"tensor(0.3342, dtype=torch.float64)"
PATH_NAME,car7720,26.7,"tensor(0.3513, dtype=torch.float64)"
