Vehicle_Coords,TimeStamp
"[(6.0, -97.0), (-6.0, 97.0)]",0.1
"[(6.0, -94.0), (-6.0, 94.0)]",0.2
"[(6.0, -91.0), (-6.0, 91.0)]",0.3
"[(6.0, -88.0), (-6.0, 88.0)]",0.4
"[(6.0, -85.0), (-6.0, 85.0)]",0.5
"[(6.0, -82.0), (-6.0, 82.0)]",0.6
"[(6.0, -79.0), (-6.0, 79.0)]",0.7
"[(6.0, -76.0), (-6.0, 76.0)]",0.8
"[(6.0, -73.0), (-6.0, 73.0)]",0.9
"[(6.0, -70.0), (-6.0, 70.0)]",1.0
"[(6.0, -67.0), (-6.0, 67.0)]",1.1
"[(6.0, -64.0), (-6.0, 64.0)]",1.2
"[(6.0, -61.0), (-6.0, 61.0)]",1.3
"[(6.0, -58.0), (-6.0, 58.0)]",1.4
"[(6.0, -55.0), (-6.0, 55.0)]",1.5
"[(6.0, -52.0), (-6.0, 52.0)]",1.6
"[(6.0, -49.0), (-6.0, 49.0)]",1.7
"[(6.0, -46.0), (-6.0, 46.0)]",1.8
"[(6.0, -43.0), (-6.0, 43.0)]",1.9
"[(6.0, -40.0), (-6.0, 40.0)]",2.0
"[(6.0, -37.0), (-6.0, 37.0)]",2.1
"[(6.0, -34.0), (-6.0, 34.0)]",2.2
"[(6.0, -32.5), (-6.0, 32.5)]",2.3
"[(6.0, -31.0), (-6.0, 31.0)]",2.4
"[(6.0, -29.5), (-6.0, 29.5)]",2.5
"[(6.0, -28.0), (-6.0, 28.0)]",2.6
"[(6.0, -27.5), (-6.0, 27.5)]",2.7
"[(6.0, -27.0), (-6.0, 27.0)]",2.8
"[(6.0, -26.5), (-6.0, 26.5)]",2.9
"[(6.0, -26.0), (-6.0, 26.0)]",3.0
"[(6.0, -25.5), (-6.0, 25.5)]",3.1
"[(6.0, -25.5), (-6.0, 25.5)]",3.2
"[(6.0, -25.5), (-6.0, 25.5)]",3.3
"[(6.0, -25.5), (-6.0, 25.5)]",3.4
"[(6.0, -25.5), (-6.0, 25.5)]",3.5
"[(6.0, -25.5), (-6.0, 25.5)]",3.6
"[(6.0, -25.5), (-6.0, 25.5)]",3.7
"[(6.0, -25.5), (-6.0, 25.5)]",3.8
"[(6.0, -25.5), (-6.0, 25.5)]",3.9
"[(6.0, -25.5), (-6.0, 25.5)]",4.0
"[(6.0, -25.5), (-6.0, 25.5)]",4.1
"[(6.0, -25.5), (-6.0, 25.5)]",4.2
"[(6.0, -25.5), (-6.0, 25.5)]",4.3
"[(6.0, -25.5), (-6.0, 25.5)]",4.4
"[(6.0, -25.5), (-6.0, 25.5)]",4.5
"[(6.0, -25.5), (-6.0, 25.5)]",4.6
"[(6.0, -25.5), (-6.0, 25.5)]",4.7
"[(6.0, -25.5), (-6.0, 25.5)]",4.8
"[(6.0, -25.5), (-6.0, 25.5)]",4.9
"[(6.0, -25.5), (-6.0, 25.5)]",5.0
"[(6.0, -25.5), (-6.0, 25.5)]",5.1
"[(6.0, -25.5), (-6.0, 25.5)]",5.2
"[(6.0, -25.5), (-6.0, 25.5)]",5.3
"[(6.0, -25.5), (-6.0, 25.5)]",5.4
"[(6.0, -25.5), (-6.0, 25.5)]",5.5
"[(6.0, -25.5), (-6.0, 25.5)]",5.6
"[(6.0, -25.5), (-6.0, 25.5)]",5.7
"[(6.0, -25.5), (-6.0, 25.5)]",5.8
"[(6.0, -25.5), (-6.0, 25.5)]",5.9
"[(6.0, -25.5), (-6.0, 25.5)]",6.0
"[(6.0, -25.5), (-6.0, 25.5)]",6.1
"[(6.0, -25.5), (-6.0, 25.5)]",6.2
"[(6.0, -25.5), (-6.0, 25.5)]",6.3
"[(6.0, -25.5), (-6.0, 25.5)]",6.4
"[(6.0, -25.5), (-6.0, 25.5)]",6.5
"[(6.0, -25.5), (-6.0, 25.5)]",6.6
"[(6.0, -25.5), (-6.0, 25.5)]",6.7
"[(6.0, -25.5), (-6.0, 25.5)]",6.8
"[(6.0, -25.5), (-6.0, 25.5)]",6.9
"[(6.0, -25.5), (-6.0, 25.5)]",7.0
"[(6.0, -25.5), (-6.0, 25.5)]",7.1
"[(6.0, -25.5), (-6.0, 25.5)]",7.2
"[(6.0, -25.5), (-6.0, 25.5)]",7.3
"[(6.0, -25.5), (-6.0, 25.5)]",7.4
"[(6.0, -25.5), (-6.0, 25.5)]",7.5
"[(6.0, -25.5), (-6.0, 25.5)]",7.6
"[(6.0, -25.5), (-6.0, 25.5)]",7.7
"[(6.0, -25.5), (-6.0, 25.5)]",7.8
"[(6.0, -25.5), (-6.0, 25.5)]",7.9
"[(6.0, -25.5), (-6.0, 25.5)]",8.0
"[(6.0, -25.5), (-6.0, 25.5)]",8.1
"[(6.0, -25.5), (-6.0, 25.5)]",8.2
"[(6.0, -25.5), (-6.0, 25.5)]",8.3
"[(6.0, -25.5), (-6.0, 25.5)]",8.4
"[(6.0, -25.5), (-6.0, 25.5)]",8.5
"[(6.0, -25.5), (-6.0, 25.5)]",8.6
"[(6.0, -25.5), (-6.0, 25.5)]",8.7
"[(6.0, -25.5), (-6.0, 25.5)]",8.8
"[(6.0, -25.5), (-6.0, 25.5)]",8.9
"[(6.0, -25.5), (-6.0, 25.5)]",9.0
"[(6.0, -25.5), (-6.0, 25.5)]",9.1
"[(6.0, -25.5), (-6.0, 25.5)]",9.2
"[(6.0, -25.5), (-6.0, 25.5)]",9.3
"[(6.0, -25.5), (-6.0, 25.5)]",9.4
"[(6.0, -25.5), (-6.0, 25.5)]",9.5
"[(6.0, -25.5), (-6.0, 25.5)]",9.6
"[(6.0, -25.5), (-6.0, 25.5)]",9.7
"[(6.0, -25.5), (-6.0, 25.5)]",9.8
"[(6.0, -25.5), (-6.0, 25.5)]",9.9
"[(6.0, -25.5), (-6.0, 25.5)]",10.0
"[(6.0, -25.5), (-6.0, 25.5)]",10.1
"[(6.0, -25.5), (-6.0, 25.5)]",10.2
"[(6.0, -25.5), (-6.0, 25.5)]",10.3
"[(6.0, -25.5), (-6.0, 25.5)]",10.4
"[(6.0, -25.5), (-6.0, 25.5)]",10.5
"[(6.0, -25.5), (-6.0, 25.5)]",10.6
"[(6.0, -25.5), (-6.0, 25.5)]",10.7
"[(6.0, -25.5), (-6.0, 25.5)]",10.8
"[(6.0, -25.5), (-6.0, 25.5)]",10.9
"[(6.0, -25.5), (-6.0, 25.5)]",11.0
"[(6.0, -25.5), (-6.0, 25.5)]",11.1
"[(6.0, -25.5), (-6.0, 25.5)]",11.2
"[(6.0, -25.5), (-6.0, 25.5)]",11.3
"[(6.0, -25.5), (-6.0, 25.5)]",11.4
"[(6.0, -25.5), (-6.0, 25.5)]",11.5
"[(6.0, -25.5), (-6.0, 25.5)]",11.6
"[(6.0, -25.5), (-6.0, 25.5)]",11.7
"[(6.0, -25.5), (-6.0, 25.5)]",11.8
"[(6.0, -25.5), (-6.0, 25.5)]",11.9
"[(6.0, -25.5), (-6.0, 25.5)]",12.0
"[(6.0, -25.5), (-6.0, 25.5)]",12.1
"[(6.0, -25.5), (-6.0, 25.5)]",12.2
"[(6.0, -25.5), (-6.0, 25.5)]",12.3
"[(6.0, -25.5), (-6.0, 25.5)]",12.4
"[(6.0, -25.5), (-6.0, 25.5)]",12.5
"[(6.0, -25.5), (-6.0, 25.5)]",12.6
"[(6.0, -25.5), (-6.0, 25.5)]",12.7
"[(6.0, -25.5), (-6.0, 25.5)]",12.8
"[(6.0, -25.5), (-6.0, 25.5)]",12.9
"[(6.0, -25.5), (-6.0, 25.5)]",13.0
"[(6.0, -25.5), (-6.0, 25.5)]",13.1
"[(6.0, -25.5), (-6.0, 25.5)]",13.2
"[(6.0, -25.5), (-6.0, 25.5)]",13.3
"[(6.0, -25.5), (-6.0, 25.5)]",13.4
"[(6.0, -25.5), (-6.0, 25.5)]",13.5
"[(6.0, -25.5), (-6.0, 25.5)]",13.6
"[(6.0, -25.5), (-6.0, 25.5)]",13.7
"[(6.0, -25.5), (-6.0, 25.5)]",13.8
"[(6.0, -25.5), (-6.0, 25.5)]",13.9
"[(6.0, -25.5), (-6.0, 25.5)]",14.0
"[(6.0, -25.5), (-6.0, 25.5)]",14.1
"[(6.0, -25.5), (-6.0, 25.5)]",14.2
"[(6.0, -25.5), (-6.0, 25.5)]",14.3
"[(6.0, -25.5), (-6.0, 25.5)]",14.4
"[(6.0, -25.5), (-6.0, 25.5)]",14.5
"[(6.0, -25.5), (-6.0, 25.5)]",14.6
"[(6.0, -25.5), (-6.0, 25.5)]",14.7
"[(6.0, -25.5), (-6.0, 25.5)]",14.8
"[(6.0, -25.5), (-6.0, 25.5)]",14.9
"[(6.0, -25.5), (-6.0, 25.5)]",15.0
"[(6.0, -25.5), (-6.0, 25.5)]",15.1
"[(6.0, -25.5), (-6.0, 25.5)]",15.2
"[(6.0, -25.5), (-6.0, 25.5)]",15.3
"[(6.0, -25.5), (-6.0, 25.5)]",15.4
"[(6.0, -25.5), (-6.0, 25.5)]",15.5
"[(6.0, -25.5), (-6.0, 25.5)]",15.6
"[(6.0, -25.5), (-6.0, 25.5)]",15.7
"[(6.0, -25.5), (-6.0, 25.5)]",15.8
"[(6.0, -25.5), (-6.0, 25.5)]",15.9
"[(6.0, -25.5), (-6.0, 25.5)]",16.0
"[(6.0, -25.5), (-6.0, 25.5)]",16.1
"[(6.0, -25.5), (-6.0, 25.5)]",16.2
"[(6.0, -25.5), (-6.0, 25.5)]",16.3
"[(6.0, -25.5), (-6.0, 25.5)]",16.4
"[(6.0, -25.5), (-6.0, 25.5)]",16.5
"[(6.0, -25.5), (-6.0, 25.5)]",16.6
"[(6.0, -25.5), (-6.0, 25.5)]",16.7
"[(6.0, -25.5), (-6.0, 25.5)]",16.8
"[(6.0, -25.5), (-6.0, 25.5)]",16.9
"[(6.0, -25.5), (-6.0, 25.5)]",17.0
"[(6.0, -25.5), (-6.0, 25.5)]",17.1
"[(6.0, -25.5), (-6.0, 25.5)]",17.2
"[(6.0, -25.5), (-6.0, 25.5)]",17.3
"[(6.0, -25.5), (-6.0, 25.5)]",17.4
"[(6.0, -25.5), (-6.0, 25.5)]",17.5
"[(6.0, -25.5), (-6.0, 25.5)]",17.6
"[(6.0, -25.5), (-6.0, 25.5)]",17.7
"[(6.0, -25.5), (-6.0, 25.5)]",17.8
"[(6.0, -25.5), (-6.0, 25.5)]",17.9
"[(6.0, -25.5), (-6.0, 25.5)]",18.0
"[(6.0, -25.5), (-6.0, 25.5)]",18.1
"[(6.0, -25.5), (-6.0, 25.5)]",18.2
"[(6.0, -25.5), (-6.0, 25.5)]",18.3
"[(6.0, -25.5), (-6.0, 25.5)]",18.4
"[(6.0, -25.5), (-6.0, 25.5)]",18.5
"[(6.0, -25.5), (-6.0, 25.5)]",18.6
"[(6.0, -25.5), (-6.0, 25.5)]",18.7
"[(6.0, -25.5), (-6.0, 25.5)]",18.8
"[(6.0, -25.5), (-6.0, 25.5)]",18.9
"[(6.0, -25.5), (-6.0, 25.5)]",19.0
"[(6.0, -25.5), (-6.0, 25.5)]",19.1
"[(6.0, -25.5), (-6.0, 25.5)]",19.2
"[(6.0, -25.5), (-6.0, 25.5)]",19.3
"[(6.0, -25.5), (-6.0, 25.5)]",19.4
"[(6.0, -25.5), (-6.0, 25.5)]",19.5
"[(6.0, -25.5), (-6.0, 25.5)]",19.6
"[(6.0, -25.5), (-6.0, 25.5)]",19.7
"[(6.0, -25.5), (-6.0, 25.5)]",19.8
"[(6.0, -25.5), (-6.0, 25.5)]",19.9
"[(6.0, -25.5), (-6.0, 25.5)]",20.0
"[(6.0, -25.5), (-6.0, 25.5)]",20.1
"[(6.0, -25.5), (-6.0, 25.5)]",20.2
"[(6.0, -25.5), (-6.0, 25.5)]",20.3
"[(6.0, -25.5), (-6.0, 25.5)]",20.4
"[(6.0, -25.5), (-6.0, 25.5)]",20.5
"[(6.0, -25.5), (-6.0, 25.5)]",20.6
"[(6.0, -25.5), (-6.0, 25.5)]",20.7
"[(6.0, -25.5), (-6.0, 25.5)]",20.8
"[(6.0, -25.5), (-6.0, 25.5)]",20.9
"[(6.0, -25.5), (-6.0, 25.5)]",21.0
"[(6.0, -25.5), (-6.0, 25.5)]",21.1
"[(6.0, -25.5), (-6.0, 25.5)]",21.2
"[(6.0, -25.5), (-6.0, 25.5)]",21.3
"[(6.0, -25.5), (-6.0, 25.5)]",21.4
"[(6.0, -25.5), (-6.0, 25.5)]",21.5
"[(6.0, -25.5), (-6.0, 25.5)]",21.6
"[(6.0, -25.5), (-6.0, 25.5)]",21.7
"[(6.0, -25.5), (-6.0, 25.5)]",21.8
"[(6.0, -25.5), (-6.0, 25.5)]",21.9
"[(6.0, -25.5), (-6.0, 25.5)]",22.0
"[(6.0, -25.5), (-6.0, 25.5)]",22.1
"[(6.0, -25.5), (-6.0, 25.5)]",22.2
"[(6.0, -25.5), (-6.0, 25.5)]",22.3
"[(6.0, -25.5), (-6.0, 25.5)]",22.4
"[(6.0, -25.5), (-6.0, 25.5)]",22.5
"[(6.0, -25.5), (-6.0, 25.5)]",22.6
"[(6.0, -25.5), (-6.0, 25.5)]",22.7
"[(6.0, -25.5), (-6.0, 25.5)]",22.8
"[(6.0, -25.5), (-6.0, 25.5)]",22.9
"[(6.0, -25.5), (-6.0, 25.5)]",23.0
"[(6.0, -25.5), (-6.0, 25.5)]",23.1
"[(6.0, -25.5), (-6.0, 25.5)]",23.2
"[(6.0, -25.5), (-6.0, 25.5)]",23.3
"[(6.0, -25.5), (-6.0, 25.5)]",23.4
"[(6.0, -25.5), (-6.0, 25.5)]",23.5
"[(6.0, -25.5), (-6.0, 25.5)]",23.6
"[(6.0, -25.5), (-6.0, 25.5)]",23.7
"[(6.0, -25.5), (-6.0, 25.5)]",23.8
"[(6.0, -25.5), (-6.0, 25.5)]",23.9
"[(6.0, -25.5), (-6.0, 25.5)]",24.0
"[(6.0, -25.5), (-6.0, 25.5)]",24.1
"[(6.0, -25.5), (-6.0, 25.5)]",24.2
"[(6.0, -25.5), (-6.0, 25.5)]",24.3
"[(6.0, -25.5), (-6.0, 25.5)]",24.4
"[(6.0, -25.5), (-6.0, 25.5)]",24.5
"[(6.0, -25.5), (-6.0, 25.5)]",24.6
"[(6.0, -25.5), (-6.0, 25.5)]",24.7
"[(6.0, -25.5), (-6.0, 25.5)]",24.8
"[(6.0, -25.5), (-6.0, 25.5)]",24.9
"[(6.0, -25.5), (-6.0, 25.5)]",25.0
"[(6.0, -25.5), (-6.0, 25.5)]",25.1
"[(6.0, -25.5), (-6.0, 25.5)]",25.2
"[(6.0, -25.5), (-6.0, 25.5)]",25.3
"[(6.0, -25.5), (-6.0, 25.5)]",25.4
"[(6.0, -25.5), (-6.0, 25.5)]",25.5
"[(6.0, -25.5), (-6.0, 25.5)]",25.6
"[(6.0, -25.5), (-6.0, 25.5)]",25.7
"[(6.0, -25.5), (-6.0, 25.5)]",25.8
"[(6.0, -25.5), (-6.0, 25.5)]",25.9
"[(6.0, -25.5), (-6.0, 25.5)]",26.0
"[(6.0, -25.5), (-6.0, 25.5)]",26.1
"[(6.0, -25.5), (-6.0, 25.5)]",26.2
"[(6.0, -25.5), (-6.0, 25.5)]",26.3
"[(6.0, -25.5), (-6.0, 25.5)]",26.4
"[(6.0, -25.5), (-6.0, 25.5)]",26.5
"[(6.0, -25.5), (-6.0, 25.5)]",26.6
"[(6.0, -25.5), (-6.0, 25.5)]",26.7
"[(6.0, -25.5), (-6.0, 25.5)]",26.8
"[(6.0, -25.5), (-6.0, 25.5)]",26.9
"[(6.0, -25.5), (-6.0, 25.5)]",27.0
"[(6.0, -25.5), (-6.0, 25.5)]",27.1
"[(6.0, -25.5), (-6.0, 25.5)]",27.2
"[(6.0, -25.5), (-6.0, 25.5)]",27.3
"[(6.0, -25.5), (-6.0, 25.5)]",27.4
"[(6.0, -25.5), (-6.0, 25.5)]",27.5
"[(6.0, -25.5), (-6.0, 25.5)]",27.6
"[(6.0, -25.5), (-6.0, 25.5)]",27.7
"[(6.0, -25.5), (-6.0, 25.5)]",27.8
"[(6.0, -25.5), (-6.0, 25.5)]",27.9
"[(6.0, -25.5), (-6.0, 25.5)]",28.0
"[(6.0, -25.5), (-6.0, 25.5)]",28.1
"[(6.0, -25.5), (-6.0, 25.5)]",28.2
"[(6.0, -25.5), (-6.0, 25.5)]",28.3
"[(6.0, -25.5), (-6.0, 25.5)]",28.4
"[(6.0, -25.5), (-6.0, 25.5)]",28.5
"[(6.0, -25.5), (-6.0, 25.5)]",28.6
"[(6.0, -25.5), (-6.0, 25.5)]",28.7
"[(6.0, -25.5), (-6.0, 25.5)]",28.8
"[(6.0, -25.5), (-6.0, 25.5)]",28.9
"[(6.0, -25.5), (-6.0, 25.5)]",29.0
"[(6.0, -25.5), (-6.0, 25.5)]",29.1
"[(6.0, -25.5), (-6.0, 25.5)]",29.2
"[(6.0, -25.5), (-6.0, 25.5)]",29.3
"[(6.0, -25.5), (-6.0, 25.5)]",29.4
"[(6.0, -25.5), (-6.0, 25.5)]",29.5
"[(6.0, -25.5), (-6.0, 25.5)]",29.6
"[(6.0, -25.5), (-6.0, 25.5)]",29.7
"[(6.0, -25.5), (-6.0, 25.5)]",29.8
"[(6.0, -25.5), (-6.0, 25.5)]",29.9
"[(6.0, -25.5), (-6.0, 25.5)]",30.0
"[(6.0, -25.5), (-6.0, 25.5)]",30.1
"[(6.0, -25.5), (-6.0, 25.5)]",30.2
"[(6.0, -25.5), (-6.0, 25.5)]",30.3
"[(6.0, -25.5), (-6.0, 25.5)]",30.4
"[(6.0, -25.5), (-6.0, 25.5)]",30.5
"[(6.0, -25.5), (-6.0, 25.5)]",30.6
"[(6.0, -25.5), (-6.0, 25.5)]",30.7
"[(6.0, -25.5), (-6.0, 25.5)]",30.8
"[(6.0, -25.5), (-6.0, 25.5)]",30.9
"[(6.0, -25.5), (-6.0, 25.5)]",31.0
"[(6.0, -25.5), (-6.0, 25.5)]",31.1
"[(6.0, -25.5), (-6.0, 25.5)]",31.2
"[(6.0, -25.5), (-6.0, 25.5)]",31.3
"[(6.0, -25.5), (-6.0, 25.5)]",31.4
"[(6.0, -25.5), (-6.0, 25.5)]",31.5
"[(6.0, -25.5), (-6.0, 25.5)]",31.6
"[(6.0, -25.5), (-6.0, 25.5)]",31.7
"[(6.0, -25.5), (-6.0, 25.5)]",31.8
"[(6.0, -25.5), (-6.0, 25.5)]",31.9
"[(6.0, -25.5), (-6.0, 25.5)]",32.0
"[(6.0, -25.5), (-6.0, 25.5)]",32.1
"[(6.0, -25.5), (-6.0, 25.5)]",32.2
"[(6.0, -25.5), (-6.0, 25.5)]",32.3
"[(6.0, -25.5), (-6.0, 25.5)]",32.4
"[(6.0, -25.5), (-6.0, 25.5)]",32.5
"[(6.0, -25.5), (-6.0, 25.5)]",32.6
"[(6.0, -25.5), (-6.0, 25.5)]",32.7
"[(6.0, -25.5), (-6.0, 25.5)]",32.8
"[(6.0, -25.5), (-6.0, 25.5)]",32.9
"[(6.0, -25.5), (-6.0, 25.5)]",33.0
"[(6.0, -25.5), (-6.0, 25.5)]",33.1
"[(6.0, -25.5), (-6.0, 25.5)]",33.2
"[(6.0, -25.5), (-6.0, 25.5)]",33.3
"[(6.0, -25.5), (-6.0, 25.5)]",33.4
"[(6.0, -25.5), (-6.0, 25.5)]",33.5
"[(6.0, -25.5), (-6.0, 25.5)]",33.6
"[(6.0, -25.5), (-6.0, 25.5)]",33.7
"[(6.0, -25.5), (-6.0, 25.5)]",33.8
"[(6.0, -25.5), (-6.0, 25.5)]",33.9
"[(6.0, -25.5), (-6.0, 25.5)]",34.0
"[(6.0, -25.5), (-6.0, 25.5)]",34.1
"[(6.0, -25.5), (-6.0, 25.5)]",34.2
"[(6.0, -25.5), (-6.0, 25.5)]",34.3
"[(6.0, -25.5), (-6.0, 25.5)]",34.4
"[(6.0, -25.5), (-6.0, 25.5)]",34.5
"[(6.0, -25.5), (-6.0, 25.5)]",34.6
"[(6.0, -25.5), (-6.0, 25.5)]",34.7
"[(6.0, -25.5), (-6.0, 25.5)]",34.8
"[(6.0, -25.5), (-6.0, 25.5)]",34.9
"[(6.0, -25.5), (-6.0, 25.5)]",35.0
"[(6.0, -25.5), (-6.0, 25.5)]",35.1
"[(6.0, -25.5), (-6.0, 25.5)]",35.2
"[(6.0, -25.5), (-6.0, 25.5)]",35.3
"[(6.0, -25.5), (-6.0, 25.5)]",35.4
"[(6.0, -25.5), (-6.0, 25.5)]",35.5
"[(6.0, -25.5), (-6.0, 25.5)]",35.6
"[(6.0, -25.5), (-6.0, 25.5)]",35.7
"[(6.0, -25.5), (-6.0, 25.5)]",35.8
"[(6.0, -25.5), (-6.0, 25.5)]",35.9
"[(6.0, -25.5), (-6.0, 25.5)]",36.0
"[(6.0, -25.5), (-6.0, 25.5)]",36.1
"[(6.0, -25.5), (-6.0, 25.5)]",36.2
"[(6.0, -25.5), (-6.0, 25.5)]",36.3
"[(6.0, -25.5), (-6.0, 25.5)]",36.4
"[(6.0, -25.5), (-6.0, 25.5)]",36.5
"[(6.0, -25.5), (-6.0, 25.5)]",36.6
"[(6.0, -25.5), (-6.0, 25.5)]",36.7
"[(6.0, -25.5), (-6.0, 25.5)]",36.8
"[(6.0, -25.5), (-6.0, 25.5)]",36.9
"[(6.0, -25.5), (-6.0, 25.5)]",37.0
"[(6.0, -25.5), (-6.0, 25.5)]",37.1
"[(6.0, -25.5), (-6.0, 25.5)]",37.2
"[(6.0, -25.5), (-6.0, 25.5)]",37.3
"[(6.0, -25.5), (-6.0, 25.5)]",37.4
"[(6.0, -25.5), (-6.0, 25.5)]",37.5
"[(6.0, -25.5), (-6.0, 25.5)]",37.6
"[(6.0, -25.5), (-6.0, 25.5)]",37.7
"[(6.0, -25.5), (-6.0, 25.5)]",37.8
"[(6.0, -25.5), (-6.0, 25.5)]",37.9
"[(6.0, -25.5), (-6.0, 25.5)]",38.0
"[(6.0, -25.5), (-6.0, 25.5)]",38.1
"[(6.0, -25.5), (-6.0, 25.5)]",38.2
"[(6.0, -25.5), (-6.0, 25.5)]",38.3
"[(6.0, -25.5), (-6.0, 25.5)]",38.4
"[(6.0, -25.5), (-6.0, 25.5)]",38.5
"[(6.0, -25.5), (-6.0, 25.5)]",38.6
"[(6.0, -25.5), (-6.0, 25.5)]",38.7
"[(6.0, -25.5), (-6.0, 25.5)]",38.8
"[(6.0, -25.5), (-6.0, 25.5)]",38.9
"[(6.0, -25.5), (-6.0, 25.5)]",39.0
"[(6.0, -25.5), (-6.0, 25.5)]",39.1
"[(6.0, -25.5), (-6.0, 25.5)]",39.2
"[(6.0, -25.5), (-6.0, 25.5)]",39.3
"[(6.0, -25.5), (-6.0, 25.5)]",39.4
"[(6.0, -25.5), (-6.0, 25.5)]",39.5
"[(6.0, -25.5), (-6.0, 25.5)]",39.6
"[(6.0, -25.5), (-6.0, 25.5)]",39.7
"[(6.0, -25.5), (-6.0, 25.5)]",39.8
"[(6.0, -25.5), (-6.0, 25.5)]",39.9
"[(6.0, -25.5), (-6.0, 25.5)]",40.0
"[(6.0, -25.5), (-6.0, 25.5)]",40.1
"[(6.0, -25.5), (-6.0, 25.5)]",40.2
"[(6.0, -25.5), (-6.0, 25.5)]",40.3
"[(6.0, -25.5), (-6.0, 25.5)]",40.4
"[(6.0, -25.5), (-6.0, 25.5)]",40.5
"[(6.0, -25.5), (-6.0, 25.5)]",40.6
"[(6.0, -25.5), (-6.0, 25.5)]",40.7
"[(6.0, -25.5), (-6.0, 25.5)]",40.8
"[(6.0, -25.5), (-6.0, 25.5)]",40.9
"[(6.0, -25.5), (-6.0, 25.5)]",41.0
"[(6.0, -25.5), (-6.0, 25.5)]",41.1
"[(6.0, -25.5), (-6.0, 25.5)]",41.2
"[(6.0, -25.5), (-6.0, 25.5)]",41.3
"[(6.0, -25.5), (-6.0, 25.5)]",41.4
"[(6.0, -25.5), (-6.0, 25.5)]",41.5
"[(6.0, -25.5), (-6.0, 25.5)]",41.6
"[(6.0, -25.5), (-6.0, 25.5)]",41.7
"[(6.0, -25.5), (-6.0, 25.5)]",41.8
"[(6.0, -25.5), (-6.0, 25.5)]",41.9
"[(6.0, -25.5), (-6.0, 25.5)]",42.0
"[(6.0, -25.5), (-6.0, 25.5)]",42.1
"[(6.0, -25.5), (-6.0, 25.5)]",42.2
"[(6.0, -25.5), (-6.0, 25.5)]",42.3
"[(6.0, -25.5), (-6.0, 25.5)]",42.4
"[(6.0, -25.5), (-6.0, 25.5)]",42.5
"[(6.0, -25.5), (-6.0, 25.5)]",42.6
"[(6.0, -25.5), (-6.0, 25.5)]",42.7
"[(6.0, -25.5), (-6.0, 25.5)]",42.8
"[(6.0, -25.5), (-6.0, 25.5)]",42.9
"[(6.0, -25.5), (-6.0, 25.5)]",43.0
"[(6.0, -25.5), (-6.0, 25.5)]",43.1
"[(6.0, -25.5), (-6.0, 25.5)]",43.2
"[(6.0, -25.5), (-6.0, 25.5)]",43.3
"[(6.0, -25.5), (-6.0, 25.5)]",43.4
"[(6.0, -25.5), (-6.0, 25.5)]",43.5
"[(6.0, -25.5), (-6.0, 25.5)]",43.6
"[(6.0, -25.5), (-6.0, 25.5)]",43.7
"[(6.0, -25.5), (-6.0, 25.5)]",43.8
"[(6.0, -25.5), (-6.0, 25.5)]",43.9
"[(6.0, -25.5), (-6.0, 25.5)]",44.0
"[(6.0, -25.5), (-6.0, 25.5)]",44.1
"[(6.0, -25.5), (-6.0, 25.5)]",44.2
"[(6.0, -25.5), (-6.0, 25.5)]",44.3
"[(6.0, -25.5), (-6.0, 25.5)]",44.4
"[(6.0, -25.5), (-6.0, 25.5)]",44.5
"[(6.0, -25.5), (-6.0, 25.5)]",44.6
"[(6.0, -25.5), (-6.0, 25.5)]",44.7
"[(6.0, -25.5), (-6.0, 25.5)]",44.8
"[(6.0, -25.5), (-6.0, 25.5)]",44.9
"[(6.0, -25.5), (-6.0, 25.5)]",45.0
"[(6.0, -25.5), (-6.0, 25.5)]",45.1
"[(6.0, -25.5), (-6.0, 25.5)]",45.2
"[(6.0, -25.5), (-6.0, 25.5)]",45.3
"[(6.0, -25.5), (-6.0, 25.5)]",45.4
"[(6.0, -25.5), (-6.0, 25.5)]",45.5
"[(6.0, -25.5), (-6.0, 25.5)]",45.6
"[(6.0, -25.5), (-6.0, 25.5)]",45.7
"[(6.0, -25.5), (-6.0, 25.5)]",45.8
"[(6.0, -25.5), (-6.0, 25.5)]",45.9
"[(6.0, -25.5), (-6.0, 25.5)]",46.0
"[(6.0, -25.5), (-6.0, 25.5)]",46.1
"[(6.0, -25.5), (-6.0, 25.5)]",46.2
"[(6.0, -25.5), (-6.0, 25.5)]",46.3
"[(6.0, -25.5), (-6.0, 25.5)]",46.4
"[(6.0, -25.5), (-6.0, 25.5)]",46.5
"[(6.0, -25.5), (-6.0, 25.5)]",46.6
"[(6.0, -25.5), (-6.0, 25.5)]",46.7
"[(6.0, -25.5), (-6.0, 25.5)]",46.8
"[(6.0, -25.5), (-6.0, 25.5)]",46.9
"[(6.0, -25.5), (-6.0, 25.5)]",47.0
"[(6.0, -25.5), (-6.0, 25.5)]",47.1
"[(6.0, -25.5), (-6.0, 25.5)]",47.2
"[(6.0, -25.5), (-6.0, 25.5)]",47.3
"[(6.0, -25.5), (-6.0, 25.5)]",47.4
"[(6.0, -25.5), (-6.0, 25.5)]",47.5
"[(6.0, -25.5), (-6.0, 25.5)]",47.6
"[(6.0, -25.5), (-6.0, 25.5)]",47.7
"[(6.0, -25.5), (-6.0, 25.5)]",47.8
"[(6.0, -25.5), (-6.0, 25.5)]",47.9
"[(6.0, -25.5), (-6.0, 25.5)]",48.0
"[(6.0, -25.5), (-6.0, 25.5)]",48.1
"[(6.0, -25.5), (-6.0, 25.5)]",48.2
"[(6.0, -25.5), (-6.0, 25.5)]",48.3
"[(6.0, -25.5), (-6.0, 25.5)]",48.4
"[(6.0, -25.5), (-6.0, 25.5)]",48.5
"[(6.0, -25.5), (-6.0, 25.5)]",48.6
"[(6.0, -25.5), (-6.0, 25.5)]",48.7
"[(6.0, -25.5), (-6.0, 25.5)]",48.8
"[(6.0, -25.5), (-6.0, 25.5)]",48.9
"[(6.0, -25.5), (-6.0, 25.5)]",49.0
"[(6.0, -25.5), (-6.0, 25.5)]",49.1
"[(6.0, -25.5), (-6.0, 25.5)]",49.2
"[(6.0, -25.5), (-6.0, 25.5)]",49.3
"[(6.0, -25.5), (-6.0, 25.5)]",49.4
"[(6.0, -25.5), (-6.0, 25.5)]",49.5
"[(6.0, -25.5), (-6.0, 25.5)]",49.6
"[(6.0, -25.5), (-6.0, 25.5)]",49.7
"[(6.0, -25.5), (-6.0, 25.5)]",49.8
"[(6.0, -25.5), (-6.0, 25.5)]",49.9
"[(6.0, -25.5), (-6.0, 25.5)]",50.0
"[(6.0, -25.5), (-6.0, 25.5)]",50.1
"[(6.0, -25.5), (-6.0, 25.5)]",50.2
"[(6.0, -25.5), (-6.0, 25.5)]",50.3
"[(6.0, -25.5), (-6.0, 25.5)]",50.4
"[(6.0, -25.5), (-6.0, 25.5)]",50.5
"[(6.0, -25.5), (-6.0, 25.5)]",50.6
"[(6.0, -25.5), (-6.0, 25.5)]",50.7
"[(6.0, -25.5), (-6.0, 25.5)]",50.8
"[(6.0, -25.5), (-6.0, 25.5)]",50.9
"[(6.0, -25.5), (-6.0, 25.5)]",51.0
"[(6.0, -25.5), (-6.0, 25.5)]",51.1
"[(6.0, -25.5), (-6.0, 25.5)]",51.2
"[(6.0, -25.5), (-6.0, 25.5)]",51.3
"[(6.0, -25.5), (-6.0, 25.5)]",51.4
"[(6.0, -25.5), (-6.0, 25.5)]",51.5
"[(6.0, -25.5), (-6.0, 25.5)]",51.6
"[(6.0, -25.5), (-6.0, 25.5)]",51.7
"[(6.0, -25.5), (-6.0, 25.5)]",51.8
"[(6.0, -25.5), (-6.0, 25.5)]",51.9
"[(6.0, -25.5), (-6.0, 25.5)]",52.0
"[(6.0, -25.5), (-6.0, 25.5)]",52.1
"[(6.0, -25.5), (-6.0, 25.5)]",52.2
"[(6.0, -25.5), (-6.0, 25.5)]",52.3
"[(6.0, -25.5), (-6.0, 25.5)]",52.4
"[(6.0, -25.5), (-6.0, 25.5)]",52.5
"[(6.0, -25.5), (-6.0, 25.5)]",52.6
"[(6.0, -25.5), (-6.0, 25.5)]",52.7
"[(6.0, -25.5), (-6.0, 25.5)]",52.8
"[(6.0, -25.5), (-6.0, 25.5)]",52.9
"[(6.0, -25.5), (-6.0, 25.5)]",53.0
"[(6.0, -25.5), (-6.0, 25.5)]",53.1
"[(6.0, -25.5), (-6.0, 25.5)]",53.2
"[(6.0, -25.5), (-6.0, 25.5)]",53.3
"[(6.0, -25.5), (-6.0, 25.5)]",53.4
"[(6.0, -25.5), (-6.0, 25.5)]",53.5
"[(6.0, -25.5), (-6.0, 25.5)]",53.6
"[(6.0, -25.5), (-6.0, 25.5)]",53.7
"[(6.0, -25.5), (-6.0, 25.5)]",53.8
"[(6.0, -25.5), (-6.0, 25.5)]",53.9
"[(6.0, -25.5), (-6.0, 25.5)]",54.0
"[(6.0, -25.5), (-3.8786796564403576, 21.878679656440358)]",54.1
"[(6.0, -25.5), (-1.7573593128807152, 19.757359312880716)]",54.2
"[(6.0, -25.5), (0.3639610306789276, 17.63603896932107)]",54.3
"[(6.0, -25.5), (2.4852813742385695, 15.51471862576143)]",54.4
"[(6.0, -25.5), (4.6066017177982115, 13.393398282201789)]",54.5
"[(6.0, -25.5), (6.727922061357855, 11.272077938642145)]",54.6
"[(6.0, -25.5), (8.849242404917497, 9.150757595082503)]",54.7
"[(6.0, -25.5), (10.970562748477139, 7.029437251522861)]",54.8
"[(6.0, -25.5), (13.091883092036781, 4.908116907963219)]",54.9
"[(6.0, -25.5), (15.213203435596423, 2.786796564403577)]",55.0
"[(6.0, -25.5), (17.334523779156065, 0.6654762208439351)]",55.1
"[(6.0, -25.5), (19.45584412271571, -1.4558441227157104)]",55.2
"[(6.0, -25.5), (21.577164466275352, -3.5771644662753523)]",55.3
"[(6.0, -25.5), (23.698484809834994, -5.698484809834994)]",55.4
"[(6.0, -25.5), (27.0, -6.0)]",55.5
"[(6.0, -25.5), (30.0, -6.0)]",55.6
"[(6.0, -25.5), (33.0, -6.0)]",55.7
"[(6.0, -25.5), (36.0, -6.0)]",55.8
"[(6.0, -25.5), (39.0, -6.0)]",55.9
"[(6.0, -25.5), (42.0, -6.0)]",56.0
"[(6.0, -25.5), (45.0, -6.0)]",56.1
"[(6.0, -25.5), (48.0, -6.0)]",56.2
"[(6.0, -25.5), (51.0, -6.0)]",56.3
"[(6.0, -25.5), (54.0, -6.0)]",56.4
"[(6.0, -25.5), (57.0, -6.0)]",56.5
"[(6.0, -25.5), (60.0, -6.0)]",56.6
"[(6.0, -25.5), (63.0, -6.0)]",56.7
"[(6.0, -25.5), (66.0, -6.0)]",56.8
"[(6.0, -25.5), (69.0, -6.0)]",56.9
"[(6.0, -25.5), (72.0, -6.0)]",57.0
"[(6.0, -25.5), (75.0, -6.0)]",57.1
"[(6.0, -25.5), (78.0, -6.0)]",57.2
"[(6.0, -25.5), (81.0, -6.0)]",57.3
"[(6.0, -25.5), (84.0, -6.0)]",57.4
"[(6.0, -25.5), (87.0, -6.0)]",57.5
"[(6.0, -25.5), (90.0, -6.0)]",57.6
"[(6.0, -25.5), (93.0, -6.0)]",57.7
"[(6.0, -25.5), (96.0, -6.0)]",57.8
"[(6.0, -25.5), (99.0, -6.0)]",57.9
"[(6.0, -25.5), (99.0, -6.0)]",58.0
"[(6.0, -25.5), (99.0, -6.0)]",58.1
"[(6.0, -25.5), (99.0, -6.0)]",58.2
"[(6.0, -25.5), (99.0, -6.0)]",58.3
"[(6.0, -25.5), (99.0, -6.0)]",58.4
"[(6.0, -25.5), (99.0, -6.0)]",58.5
"[(6.0, -25.5), (99.0, -6.0)]",58.6
"[(6.0, -25.5), (99.0, -6.0)]",58.7
"[(6.0, -25.5), (99.0, -6.0)]",58.8
"[(6.0, -25.5), (99.0, -6.0)]",58.9
"[(6.0, -25.5), (99.0, -6.0)]",59.0
"[(6.0, -25.5), (99.0, -6.0)]",59.1
"[(6.0, -25.5), (99.0, -6.0)]",59.2
"[(6.0, -25.5), (99.0, -6.0)]",59.3
"[(6.0, -25.5), (99.0, -6.0)]",59.4
"[(6.0, -25.5), (99.0, -6.0)]",59.5
"[(6.0, -25.5), (99.0, -6.0)]",59.6
"[(6.0, -25.5), (99.0, -6.0)]",59.7
"[(6.0, -25.5), (99.0, -6.0)]",59.8
"[(6.0, -25.5), (99.0, -6.0)]",59.9
"[(6.0, -25.5), (99.0, -6.0)]",60.0
"[(6.0, -25.5), (99.0, -6.0)]",60.1
"[(6.0, -25.5), (99.0, -6.0)]",60.2
"[(6.0, -25.5), (99.0, -6.0)]",60.3
"[(6.0, -25.5), (99.0, -6.0)]",60.4
"[(6.0, -25.5), (99.0, -6.0)]",60.5
"[(6.0, -25.5), (99.0, -6.0)]",60.6
"[(6.0, -25.5), (99.0, -6.0)]",60.7
"[(6.0, -25.5), (99.0, -6.0)]",60.8
"[(6.0, -25.5), (99.0, -6.0)]",60.9
"[(6.0, -25.5), (99.0, -6.0)]",61.0
"[(6.0, -25.5), (99.0, -6.0)]",61.1
"[(6.0, -25.5), (99.0, -6.0)]",61.2
"[(6.0, -25.5), (99.0, -6.0)]",61.3
"[(6.0, -25.5), (99.0, -6.0)]",61.4
"[(6.0, -25.5), (99.0, -6.0)]",61.5
"[(6.0, -25.5), (99.0, -6.0)]",61.6
"[(6.0, -25.5), (99.0, -6.0)]",61.7
"[(6.0, -25.5), (99.0, -6.0)]",61.8
"[(6.0, -25.5), (99.0, -6.0)]",61.9
"[(6.0, -25.5), (99.0, -6.0)]",62.0
"[(6.0, -25.5), (99.0, -6.0)]",62.1
"[(6.0, -25.5), (99.0, -6.0)]",62.2
"[(6.0, -25.5), (99.0, -6.0)]",62.3
"[(6.0, -25.5), (99.0, -6.0)]",62.4
"[(6.0, -25.5), (99.0, -6.0)]",62.5
"[(6.0, -25.5), (99.0, -6.0)]",62.6
"[(6.0, -25.5), (99.0, -6.0)]",62.7
"[(6.0, -25.5), (99.0, -6.0)]",62.8
"[(6.0, -25.5), (99.0, -6.0)]",62.9
"[(6.0, -25.5), (99.0, -6.0)]",63.0
"[(6.0, -25.5), (99.0, -6.0)]",63.1
"[(6.0, -25.5), (99.0, -6.0)]",63.2
"[(6.0, -25.5), (99.0, -6.0)]",63.3
"[(6.0, -25.5), (99.0, -6.0)]",63.4
"[(6.0, -25.5), (99.0, -6.0)]",63.5
"[(6.0, -25.5), (99.0, -6.0)]",63.6
"[(6.0, -25.5), (99.0, -6.0)]",63.7
"[(6.0, -25.5), (99.0, -6.0)]",63.8
"[(6.0, -25.5), (99.0, -6.0)]",63.9
"[(6.0, -25.5), (99.0, -6.0)]",64.0
"[(6.0, -25.5), (99.0, -6.0)]",64.1
"[(6.0, -25.5), (99.0, -6.0)]",64.2
"[(6.0, -25.5), (99.0, -6.0)]",64.3
"[(6.0, -25.5), (99.0, -6.0)]",64.4
"[(6.0, -25.5), (99.0, -6.0)]",64.5
"[(6.0, -25.5), (99.0, -6.0)]",64.6
"[(6.0, -25.5), (99.0, -6.0)]",64.7
"[(6.0, -25.5), (99.0, -6.0)]",64.8
"[(6.0, -25.5), (99.0, -6.0)]",64.9
"[(6.0, -25.5), (99.0, -6.0)]",65.0
"[(6.0, -25.5), (99.0, -6.0)]",65.1
"[(6.0, -25.5), (99.0, -6.0)]",65.2
"[(6.0, -25.5), (99.0, -6.0)]",65.3
"[(6.0, -25.5), (99.0, -6.0)]",65.4
"[(6.0, -25.5), (99.0, -6.0)]",65.5
"[(6.0, -25.5), (99.0, -6.0)]",65.6
"[(6.0, -25.5), (99.0, -6.0)]",65.7
"[(6.0, -25.5), (99.0, -6.0)]",65.8
"[(6.0, -25.5), (99.0, -6.0)]",65.9
"[(6.0, -25.5), (99.0, -6.0)]",66.0
"[(6.0, -25.5), (99.0, -6.0)]",66.1
"[(6.0, -25.5), (99.0, -6.0)]",66.2
"[(6.0, -25.5), (99.0, -6.0)]",66.3
"[(6.0, -25.5), (99.0, -6.0)]",66.4
"[(6.0, -25.5), (99.0, -6.0)]",66.5
"[(6.0, -25.5), (99.0, -6.0)]",66.6
"[(6.0, -25.5), (99.0, -6.0)]",66.7
"[(6.0, -25.5), (99.0, -6.0)]",66.8
"[(6.0, -25.5), (99.0, -6.0)]",66.9
"[(6.0, -25.5), (99.0, -6.0)]",67.0
"[(6.0, -25.5), (99.0, -6.0)]",67.1
"[(6.0, -25.5), (99.0, -6.0)]",67.2
"[(6.0, -25.5), (99.0, -6.0)]",67.3
"[(6.0, -25.5), (99.0, -6.0)]",67.4
"[(6.0, -25.5), (99.0, -6.0)]",67.5
"[(6.0, -25.5), (99.0, -6.0)]",67.6
"[(6.0, -25.5), (99.0, -6.0)]",67.7
"[(6.0, -25.5), (99.0, -6.0)]",67.8
"[(6.0, -25.5), (99.0, -6.0)]",67.9
"[(6.0, -25.5), (99.0, -6.0)]",68.0
"[(6.0, -25.5), (99.0, -6.0)]",68.1
"[(6.0, -25.5), (99.0, -6.0)]",68.2
"[(6.0, -25.5), (99.0, -6.0)]",68.3
"[(6.0, -25.5), (99.0, -6.0)]",68.4
"[(6.0, -25.5), (99.0, -6.0)]",68.5
"[(6.0, -25.5), (99.0, -6.0)]",68.6
"[(6.0, -25.5), (99.0, -6.0)]",68.7
"[(6.0, -25.5), (99.0, -6.0)]",68.8
"[(6.0, -25.5), (99.0, -6.0)]",68.9
"[(6.0, -25.5), (99.0, -6.0)]",69.0
"[(6.0, -25.5), (99.0, -6.0)]",69.1
"[(6.0, -25.5), (99.0, -6.0)]",69.2
"[(6.0, -25.5), (99.0, -6.0)]",69.3
"[(6.0, -25.5), (99.0, -6.0)]",69.4
"[(6.0, -25.5), (99.0, -6.0)]",69.5
"[(6.0, -25.5), (99.0, -6.0)]",69.6
"[(6.0, -25.5), (99.0, -6.0)]",69.7
"[(6.0, -25.5), (99.0, -6.0)]",69.8
"[(6.0, -25.5), (99.0, -6.0)]",69.9
"[(6.0, -25.5), (99.0, -6.0)]",70.0
"[(6.0, -25.5), (99.0, -6.0)]",70.1
"[(6.0, -25.5), (99.0, -6.0)]",70.2
"[(6.0, -25.5), (99.0, -6.0)]",70.3
"[(6.0, -25.5), (99.0, -6.0)]",70.4
"[(6.0, -25.5), (99.0, -6.0)]",70.5
"[(6.0, -25.5), (99.0, -6.0)]",70.6
"[(6.0, -25.5), (99.0, -6.0)]",70.7
"[(6.0, -25.5), (99.0, -6.0)]",70.8
"[(6.0, -25.5), (99.0, -6.0)]",70.9
"[(6.0, -25.5), (99.0, -6.0)]",71.0
"[(6.0, -25.5), (99.0, -6.0)]",71.1
"[(6.0, -25.5), (99.0, -6.0)]",71.2
"[(6.0, -25.5), (99.0, -6.0)]",71.3
"[(6.0, -25.5), (99.0, -6.0)]",71.4
"[(6.0, -25.5), (99.0, -6.0)]",71.5
"[(6.0, -25.5), (99.0, -6.0)]",71.6
"[(6.0, -25.5), (99.0, -6.0)]",71.7
"[(6.0, -25.5), (99.0, -6.0)]",71.8
"[(6.0, -25.5), (99.0, -6.0)]",71.9
"[(6.0, -25.5), (99.0, -6.0)]",72.0
"[(6.0, -25.5), (99.0, -6.0)]",72.1
"[(6.0, -25.5), (99.0, -6.0)]",72.2
"[(6.0, -25.5), (99.0, -6.0)]",72.3
"[(6.0, -25.5), (99.0, -6.0)]",72.4
"[(6.0, -25.5), (99.0, -6.0)]",72.5
"[(6.0, -25.5), (99.0, -6.0)]",72.6
"[(6.0, -25.5), (99.0, -6.0)]",72.7
"[(6.0, -25.5), (99.0, -6.0)]",72.8
"[(6.0, -25.5), (99.0, -6.0)]",72.9
"[(6.0, -25.5), (99.0, -6.0)]",73.0
"[(6.0, -25.5), (99.0, -6.0)]",73.1
"[(6.0, -25.5), (99.0, -6.0)]",73.2
"[(6.0, -25.5), (99.0, -6.0)]",73.3
"[(6.0, -25.5), (99.0, -6.0)]",73.4
"[(6.0, -25.5), (99.0, -6.0)]",73.5
"[(6.0, -25.5), (99.0, -6.0)]",73.6
"[(6.0, -25.5), (99.0, -6.0)]",73.7
"[(6.0, -25.5), (99.0, -6.0)]",73.8
"[(6.0, -25.5), (99.0, -6.0)]",73.9
"[(6.0, -25.5), (99.0, -6.0)]",74.0
"[(6.0, -25.5), (99.0, -6.0)]",74.1
"[(6.0, -25.5), (99.0, -6.0)]",74.2
"[(6.0, -25.5), (99.0, -6.0)]",74.3
"[(6.0, -25.5), (99.0, -6.0)]",74.4
"[(6.0, -25.5), (99.0, -6.0)]",74.5
"[(6.0, -25.5), (99.0, -6.0)]",74.6
"[(6.0, -25.5), (99.0, -6.0)]",74.7
"[(6.0, -25.5), (99.0, -6.0)]",74.8
"[(6.0, -25.5), (99.0, -6.0)]",74.9
"[(6.0, -25.5), (99.0, -6.0)]",75.0
"[(6.0, -25.5), (99.0, -6.0)]",75.1
"[(6.0, -25.5), (99.0, -6.0)]",75.2
"[(6.0, -25.5), (99.0, -6.0)]",75.3
"[(6.0, -25.5), (99.0, -6.0)]",75.4
"[(6.0, -25.5), (99.0, -6.0)]",75.5
"[(6.0, -25.5), (99.0, -6.0)]",75.6
"[(6.0, -25.5), (99.0, -6.0)]",75.7
"[(6.0, -25.5), (99.0, -6.0)]",75.8
"[(6.0, -25.5), (99.0, -6.0)]",75.9
"[(6.0, -25.5), (99.0, -6.0)]",76.0
"[(6.0, -25.5), (99.0, -6.0)]",76.1
"[(6.0, -25.5), (99.0, -6.0)]",76.2
"[(6.0, -25.5), (99.0, -6.0)]",76.3
"[(6.0, -25.5), (99.0, -6.0)]",76.4
"[(6.0, -25.5), (99.0, -6.0)]",76.5
"[(6.0, -25.5), (99.0, -6.0)]",76.6
"[(6.0, -25.5), (99.0, -6.0)]",76.7
"[(6.0, -25.5), (99.0, -6.0)]",76.8
"[(6.0, -25.5), (99.0, -6.0)]",76.9
"[(6.0, -25.5), (99.0, -6.0)]",77.0
"[(6.0, -25.5), (99.0, -6.0)]",77.1
"[(6.0, -25.5), (99.0, -6.0)]",77.2
"[(6.0, -25.5), (99.0, -6.0)]",77.3
"[(6.0, -25.5), (99.0, -6.0)]",77.4
"[(6.0, -25.5), (99.0, -6.0)]",77.5
"[(6.0, -25.5), (99.0, -6.0)]",77.6
"[(6.0, -25.5), (99.0, -6.0)]",77.7
"[(6.0, -25.5), (99.0, -6.0)]",77.8
"[(6.0, -25.5), (99.0, -6.0)]",77.9
"[(6.0, -25.5), (99.0, -6.0)]",78.0
"[(6.0, -25.5), (99.0, -6.0)]",78.1
"[(6.0, -25.5), (99.0, -6.0)]",78.2
"[(6.0, -25.5), (99.0, -6.0)]",78.3
"[(6.0, -25.5), (99.0, -6.0)]",78.4
"[(6.0, -25.5), (99.0, -6.0)]",78.5
"[(6.0, -25.5), (99.0, -6.0)]",78.6
"[(6.0, -25.5), (99.0, -6.0)]",78.7
"[(6.0, -25.5), (99.0, -6.0)]",78.8
"[(6.0, -25.5), (99.0, -6.0)]",78.9
"[(6.0, -25.5), (99.0, -6.0)]",79.0
"[(6.0, -25.5), (99.0, -6.0)]",79.1
"[(6.0, -25.5), (99.0, -6.0)]",79.2
"[(6.0, -25.5), (99.0, -6.0)]",79.3
"[(6.0, -25.5), (99.0, -6.0)]",79.4
"[(6.0, -25.5), (99.0, -6.0)]",79.5
"[(6.0, -25.5), (99.0, -6.0)]",79.6
"[(6.0, -25.5), (99.0, -6.0)]",79.7
"[(6.0, -25.5), (99.0, -6.0)]",79.8
"[(6.0, -25.5), (99.0, -6.0)]",79.9
"[(6.0, -25.5), (99.0, -6.0)]",80.0
"[(6.0, -21.0), (99.0, -6.0)]",80.1
"[(6.0, -18.0), (99.0, -6.0)]",80.2
"[(6.0, -15.0), (99.0, -6.0)]",80.3
"[(6.0, -12.0), (99.0, -6.0)]",80.4
"[(6.0, -9.0), (99.0, -6.0)]",80.5
"[(6.0, -6.0), (99.0, -6.0)]",80.6
"[(6.0, -3.0), (99.0, -6.0)]",80.7
"[(6.0, 0.0), (99.0, -6.0)]",80.8
"[(6.0, 3.0), (99.0, -6.0)]",80.9
"[(6.0, 6.0), (99.0, -6.0)]",81.0
"[(6.0, 9.0), (99.0, -6.0)]",81.1
"[(6.0, 12.0), (99.0, -6.0)]",81.2
"[(6.0, 15.0), (99.0, -6.0)]",81.3
"[(6.0, 18.0), (99.0, -6.0)]",81.4
"[(6.0, 21.0), (99.0, -6.0)]",81.5
"[(6.0, 24.0), (99.0, -6.0)]",81.6
"[(6.0, 27.0), (99.0, -6.0)]",81.7
"[(6.0, 30.0), (99.0, -6.0)]",81.8
"[(6.0, 33.0), (99.0, -6.0)]",81.9
"[(6.0, 36.0), (99.0, -6.0)]",82.0
"[(6.0, 39.0), (99.0, -6.0)]",82.1
"[(6.0, 42.0), (99.0, -6.0)]",82.2
"[(6.0, 45.0), (99.0, -6.0)]",82.3
"[(6.0, 48.0), (99.0, -6.0)]",82.4
"[(6.0, 51.0), (99.0, -6.0)]",82.5
"[(6.0, 54.0), (99.0, -6.0)]",82.6
"[(6.0, 57.0), (99.0, -6.0)]",82.7
"[(6.0, 60.0), (99.0, -6.0)]",82.8
"[(6.0, 63.0), (99.0, -6.0)]",82.9
"[(6.0, 66.0), (99.0, -6.0)]",83.0
"[(6.0, 69.0), (99.0, -6.0)]",83.1
"[(6.0, 72.0), (99.0, -6.0)]",83.2
"[(6.0, 75.0), (99.0, -6.0)]",83.3
"[(6.0, 78.0), (99.0, -6.0)]",83.4
"[(6.0, 81.0), (99.0, -6.0)]",83.5
"[(6.0, 84.0), (99.0, -6.0)]",83.6
"[(6.0, 87.0), (99.0, -6.0)]",83.7
"[(6.0, 90.0), (99.0, -6.0)]",83.8
"[(6.0, 93.0), (99.0, -6.0)]",83.9
"[(6.0, 96.0), (99.0, -6.0)]",84.0
"[(6.0, 99.0), (99.0, -6.0)]",84.1
"[(6.0, 99.0), (99.0, -6.0)]",84.2
"[(6.0, 99.0), (99.0, -6.0)]",84.3
"[(6.0, 99.0), (99.0, -6.0)]",84.4
"[(6.0, 99.0), (99.0, -6.0)]",84.5
"[(6.0, 99.0), (99.0, -6.0)]",84.6
"[(6.0, 99.0), (99.0, -6.0)]",84.7
"[(6.0, 99.0), (99.0, -6.0)]",84.8
"[(6.0, 99.0), (99.0, -6.0)]",84.9
"[(6.0, 99.0), (99.0, -6.0)]",85.0
"[(6.0, 99.0), (99.0, -6.0)]",85.1
"[(6.0, 99.0), (99.0, -6.0)]",85.2
"[(6.0, 99.0), (99.0, -6.0)]",85.3
"[(6.0, 99.0), (99.0, -6.0)]",85.4
"[(6.0, 99.0), (99.0, -6.0)]",85.5
"[(6.0, 99.0), (99.0, -6.0)]",85.6
"[(6.0, 99.0), (99.0, -6.0)]",85.7
"[(6.0, 99.0), (99.0, -6.0)]",85.8
"[(6.0, 99.0), (99.0, -6.0)]",85.9
"[(6.0, 99.0), (99.0, -6.0)]",86.0
"[(6.0, 99.0), (99.0, -6.0)]",86.1
"[(6.0, 99.0), (99.0, -6.0)]",86.2
"[(6.0, 99.0), (99.0, -6.0)]",86.3
"[(6.0, 99.0), (99.0, -6.0)]",86.4
"[(6.0, 99.0), (99.0, -6.0)]",86.5
"[(6.0, 99.0), (99.0, -6.0)]",86.6
"[(6.0, 99.0), (99.0, -6.0)]",86.7
"[(6.0, 99.0), (99.0, -6.0)]",86.8
"[(6.0, 99.0), (99.0, -6.0)]",86.9
"[(6.0, 99.0), (99.0, -6.0)]",87.0
"[(6.0, 99.0), (99.0, -6.0)]",87.1
"[(6.0, 99.0), (99.0, -6.0)]",87.2
"[(6.0, 99.0), (99.0, -6.0)]",87.3
"[(6.0, 99.0), (99.0, -6.0)]",87.4
"[(6.0, 99.0), (99.0, -6.0)]",87.5
"[(6.0, 99.0), (99.0, -6.0)]",87.6
"[(6.0, 99.0), (99.0, -6.0)]",87.7
"[(6.0, 99.0), (99.0, -6.0)]",87.8
"[(6.0, 99.0), (99.0, -6.0)]",87.9
"[(6.0, 99.0), (99.0, -6.0)]",88.0
"[(6.0, 99.0), (99.0, -6.0)]",88.1
"[(6.0, 99.0), (99.0, -6.0)]",88.2
"[(6.0, 99.0), (99.0, -6.0)]",88.3
"[(6.0, 99.0), (99.0, -6.0)]",88.4
"[(6.0, 99.0), (99.0, -6.0)]",88.5
"[(6.0, 99.0), (99.0, -6.0)]",88.6
"[(6.0, 99.0), (99.0, -6.0)]",88.7
"[(6.0, 99.0), (99.0, -6.0)]",88.8
"[(6.0, 99.0), (99.0, -6.0)]",88.9
"[(6.0, 99.0), (99.0, -6.0)]",89.0
"[(6.0, 99.0), (99.0, -6.0)]",89.1
"[(6.0, 99.0), (99.0, -6.0)]",89.2
"[(6.0, 99.0), (99.0, -6.0)]",89.3
"[(6.0, 99.0), (99.0, -6.0)]",89.4
"[(6.0, 99.0), (99.0, -6.0)]",89.5
"[(6.0, 99.0), (99.0, -6.0)]",89.6
"[(6.0, 99.0), (99.0, -6.0)]",89.7
"[(6.0, 99.0), (99.0, -6.0)]",89.8
"[(6.0, 99.0), (99.0, -6.0)]",89.9
"[(6.0, 99.0), (99.0, -6.0)]",90.0
"[(6.0, 99.0), (99.0, -6.0)]",90.1
"[(6.0, 99.0), (99.0, -6.0)]",90.2
"[(6.0, 99.0), (99.0, -6.0)]",90.3
"[(6.0, 99.0), (99.0, -6.0)]",90.4
"[(6.0, 99.0), (99.0, -6.0)]",90.5
"[(6.0, 99.0), (99.0, -6.0)]",90.6
"[(6.0, 99.0), (99.0, -6.0)]",90.7
"[(6.0, 99.0), (99.0, -6.0)]",90.8
"[(6.0, 99.0), (99.0, -6.0)]",90.9
"[(6.0, 99.0), (99.0, -6.0)]",91.0
"[(6.0, 99.0), (99.0, -6.0)]",91.1
"[(6.0, 99.0), (99.0, -6.0)]",91.2
"[(6.0, 99.0), (99.0, -6.0)]",91.3
"[(6.0, 99.0), (99.0, -6.0)]",91.4
"[(6.0, 99.0), (99.0, -6.0)]",91.5
"[(6.0, 99.0), (99.0, -6.0)]",91.6
"[(6.0, 99.0), (99.0, -6.0)]",91.7
"[(6.0, 99.0), (99.0, -6.0)]",91.8
"[(6.0, 99.0), (99.0, -6.0)]",91.9
"[(6.0, 99.0), (99.0, -6.0)]",92.0
"[(6.0, 99.0), (99.0, -6.0)]",92.1
"[(6.0, 99.0), (99.0, -6.0)]",92.2
"[(6.0, 99.0), (99.0, -6.0)]",92.3
"[(6.0, 99.0), (99.0, -6.0)]",92.4
"[(6.0, 99.0), (99.0, -6.0)]",92.5
"[(6.0, 99.0), (99.0, -6.0)]",92.6
"[(6.0, 99.0), (99.0, -6.0)]",92.7
"[(6.0, 99.0), (99.0, -6.0)]",92.8
"[(6.0, 99.0), (99.0, -6.0)]",92.9
"[(6.0, 99.0), (99.0, -6.0)]",93.0
"[(6.0, 99.0), (99.0, -6.0)]",93.1
"[(6.0, 99.0), (99.0, -6.0)]",93.2
"[(6.0, 99.0), (99.0, -6.0)]",93.3
"[(6.0, 99.0), (99.0, -6.0)]",93.4
"[(6.0, 99.0), (99.0, -6.0)]",93.5
"[(6.0, 99.0), (99.0, -6.0)]",93.6
"[(6.0, 99.0), (99.0, -6.0)]",93.7
"[(6.0, 99.0), (99.0, -6.0)]",93.8
"[(6.0, 99.0), (99.0, -6.0)]",93.9
"[(6.0, 99.0), (99.0, -6.0)]",94.0
"[(6.0, 99.0), (99.0, -6.0)]",94.1
"[(6.0, 99.0), (99.0, -6.0)]",94.2
"[(6.0, 99.0), (99.0, -6.0)]",94.3
"[(6.0, 99.0), (99.0, -6.0)]",94.4
"[(6.0, 99.0), (99.0, -6.0)]",94.5
"[(6.0, 99.0), (99.0, -6.0)]",94.6
"[(6.0, 99.0), (99.0, -6.0)]",94.7
"[(6.0, 99.0), (99.0, -6.0)]",94.8
"[(6.0, 99.0), (99.0, -6.0)]",94.9
"[(6.0, 99.0), (99.0, -6.0)]",95.0
"[(6.0, 99.0), (99.0, -6.0)]",95.1
"[(6.0, 99.0), (99.0, -6.0)]",95.2
"[(6.0, 99.0), (99.0, -6.0)]",95.3
"[(6.0, 99.0), (99.0, -6.0)]",95.4
"[(6.0, 99.0), (99.0, -6.0)]",95.5
"[(6.0, 99.0), (99.0, -6.0)]",95.6
"[(6.0, 99.0), (99.0, -6.0)]",95.7
"[(6.0, 99.0), (99.0, -6.0)]",95.8
"[(6.0, 99.0), (99.0, -6.0)]",95.9
"[(6.0, 99.0), (99.0, -6.0)]",96.0
"[(6.0, 99.0), (99.0, -6.0)]",96.1
"[(6.0, 99.0), (99.0, -6.0)]",96.2
"[(6.0, 99.0), (99.0, -6.0)]",96.3
"[(6.0, 99.0), (99.0, -6.0)]",96.4
"[(6.0, 99.0), (99.0, -6.0)]",96.5
"[(6.0, 99.0), (99.0, -6.0)]",96.6
"[(6.0, 99.0), (99.0, -6.0)]",96.7
"[(6.0, 99.0), (99.0, -6.0)]",96.8
"[(6.0, 99.0), (99.0, -6.0)]",96.9
"[(6.0, 99.0), (99.0, -6.0)]",97.0
"[(6.0, 99.0), (99.0, -6.0)]",97.1
"[(6.0, 99.0), (99.0, -6.0)]",97.2
"[(6.0, 99.0), (99.0, -6.0)]",97.3
"[(6.0, 99.0), (99.0, -6.0)]",97.4
"[(6.0, 99.0), (99.0, -6.0)]",97.5
"[(6.0, 99.0), (99.0, -6.0)]",97.6
"[(6.0, 99.0), (99.0, -6.0)]",97.7
"[(6.0, 99.0), (99.0, -6.0)]",97.8
"[(6.0, 99.0), (99.0, -6.0)]",97.9
"[(6.0, 99.0), (99.0, -6.0)]",98.0
"[(6.0, 99.0), (99.0, -6.0)]",98.1
"[(6.0, 99.0), (99.0, -6.0)]",98.2
"[(6.0, 99.0), (99.0, -6.0)]",98.3
"[(6.0, 99.0), (99.0, -6.0)]",98.4
"[(6.0, 99.0), (99.0, -6.0)]",98.5
"[(6.0, 99.0), (99.0, -6.0)]",98.6
"[(6.0, 99.0), (99.0, -6.0)]",98.7
"[(6.0, 99.0), (99.0, -6.0)]",98.8
"[(6.0, 99.0), (99.0, -6.0)]",98.9
"[(6.0, 99.0), (99.0, -6.0)]",99.0
"[(6.0, 99.0), (99.0, -6.0)]",99.1
"[(6.0, 99.0), (99.0, -6.0)]",99.2
"[(6.0, 99.0), (99.0, -6.0)]",99.3
"[(6.0, 99.0), (99.0, -6.0)]",99.4
"[(6.0, 99.0), (99.0, -6.0)]",99.5
"[(6.0, 99.0), (99.0, -6.0)]",99.6
"[(6.0, 99.0), (99.0, -6.0)]",99.7
"[(6.0, 99.0), (99.0, -6.0)]",99.8
"[(6.0, 99.0), (99.0, -6.0)]",99.9
"[(6.0, 99.0), (99.0, -6.0)]",100.0
